"","yrwk","year","week","cases","casesSouth","casesWest","casesEast","pop","popSouth","popWest","popEast"
"1",199501,1995,1,8,8,0,0,3232276,453759,810525,1338978
"2",199502,1995,2,2,2,0,0,3232276,453759,810525,1338978
"3",199503,1995,3,2,2,0,0,3232276,453759,810525,1338978
"4",199504,1995,4,1,1,0,1,3232276,453759,810525,1338978
"5",199505,1995,5,6,5,0,0,3232276,453759,810525,1338978
"6",199506,1995,6,2,2,0,0,3232276,453759,810525,1338978
"7",199507,1995,7,2,2,0,0,3232276,453759,810525,1338978
"8",199508,1995,8,1,1,0,0,3232276,453759,810525,1338978
"9",199509,1995,9,1,1,0,0,3232276,453759,810525,1338978
"10",199510,1995,10,1,1,0,0,3232276,453759,810525,1338978
"11",199511,1995,11,1,1,0,0,3232276,453759,810525,1338978
"12",199512,1995,12,1,1,0,0,3232276,453759,810525,1338978
"13",199513,1995,13,0,0,0,0,3232276,453759,810525,1338978
"14",199514,1995,14,3,3,0,0,3232276,453759,810525,1338978
"15",199515,1995,15,0,0,0,0,3232276,453759,810525,1338978
"16",199516,1995,16,0,0,0,0,3232276,453759,810525,1338978
"17",199517,1995,17,1,1,0,0,3232276,453759,810525,1338978
"18",199518,1995,18,1,1,0,0,3232276,453759,810525,1338978
"19",199519,1995,19,1,1,0,0,3232276,453759,810525,1338978
"20",199520,1995,20,1,1,0,0,3232276,453759,810525,1338978
"21",199521,1995,21,1,1,0,1,3232276,453759,810525,1338978
"22",199522,1995,22,1,0,0,0,3232276,453759,810525,1338978
"23",199523,1995,23,0,0,0,0,3232276,453759,810525,1338978
"24",199524,1995,24,2,2,0,0,3232276,453759,810525,1338978
"25",199525,1995,25,0,0,0,0,3232276,453759,810525,1338978
"26",199526,1995,26,0,0,0,0,3232276,453759,810525,1338978
"27",199527,1995,27,1,0,0,1,3232276,453759,810525,1338978
"28",199528,1995,28,1,1,0,0,3232276,453759,810525,1338978
"29",199529,1995,29,0,0,0,0,3232276,453759,810525,1338978
"30",199530,1995,30,2,2,0,0,3232276,453759,810525,1338978
"31",199531,1995,31,2,2,0,0,3232276,453759,810525,1338978
"32",199532,1995,32,2,2,0,0,3232276,453759,810525,1338978
"33",199533,1995,33,2,2,0,0,3232276,453759,810525,1338978
"34",199534,1995,34,1,1,0,0,3232276,453759,810525,1338978
"35",199535,1995,35,1,1,0,0,3232276,453759,810525,1338978
"36",199536,1995,36,2,2,0,0,3232276,453759,810525,1338978
"37",199537,1995,37,1,1,0,0,3232276,453759,810525,1338978
"38",199538,1995,38,2,2,0,0,3232276,453759,810525,1338978
"39",199539,1995,39,4,3,0,0,3232276,453759,810525,1338978
"40",199540,1995,40,1,0,1,3,3232276,453759,810525,1338978
"41",199541,1995,41,8,4,1,0,3232276,453759,810525,1338978
"42",199542,1995,42,5,4,1,0,3232276,453759,810525,1338978
"43",199543,1995,43,2,2,0,0,3232276,453759,810525,1338978
"44",199544,1995,44,1,1,0,0,3232276,453759,810525,1338978
"45",199545,1995,45,2,2,0,0,3232276,453759,810525,1338978
"46",199546,1995,46,1,1,0,0,3232276,453759,810525,1338978
"47",199547,1995,47,3,2,1,1,3232276,453759,810525,1338978
"48",199548,1995,48,3,0,1,1,3232276,453759,810525,1338978
"49",199549,1995,49,1,0,1,1,3232276,453759,810525,1338978
"50",199550,1995,50,8,3,3,1,3232276,453759,810525,1338978
"51",199551,1995,51,1,1,0,0,3232276,453759,810525,1338978
"52",199552,1995,52,1,1,0,0,3232276,453759,810525,1338978
"53",199601,1996,1,14,11,2,1,3249173,456390,815551,1347511
"54",199602,1996,2,1,1,0,0,3249173,456390,815551,1347511
"55",199603,1996,3,0,0,0,0,3249173,456390,815551,1347511
"56",199604,1996,4,2,1,0,1,3249173,456390,815551,1347511
"57",199605,1996,5,2,2,0,0,3249173,456390,815551,1347511
"58",199606,1996,6,0,0,0,0,3249173,456390,815551,1347511
"59",199607,1996,7,0,0,0,0,3249173,456390,815551,1347511
"60",199608,1996,8,1,1,0,0,3249173,456390,815551,1347511
"61",199609,1996,9,2,1,1,0,3249173,456390,815551,1347511
"62",199610,1996,10,1,1,0,0,3249173,456390,815551,1347511
"63",199611,1996,11,1,1,0,0,3249173,456390,815551,1347511
"64",199612,1996,12,1,1,0,0,3249173,456390,815551,1347511
"65",199613,1996,13,0,0,0,0,3249173,456390,815551,1347511
"66",199614,1996,14,0,0,0,0,3249173,456390,815551,1347511
"67",199615,1996,15,0,0,0,0,3249173,456390,815551,1347511
"68",199616,1996,16,1,1,0,0,3249173,456390,815551,1347511
"69",199617,1996,17,1,1,0,0,3249173,456390,815551,1347511
"70",199618,1996,18,0,0,0,0,3249173,456390,815551,1347511
"71",199619,1996,19,1,0,0,1,3249173,456390,815551,1347511
"72",199620,1996,20,1,0,0,1,3249173,456390,815551,1347511
"73",199621,1996,21,1,1,0,0,3249173,456390,815551,1347511
"74",199622,1996,22,0,0,0,0,3249173,456390,815551,1347511
"75",199623,1996,23,0,0,0,0,3249173,456390,815551,1347511
"76",199624,1996,24,2,1,1,0,3249173,456390,815551,1347511
"77",199625,1996,25,3,3,0,0,3249173,456390,815551,1347511
"78",199626,1996,26,2,2,0,0,3249173,456390,815551,1347511
"79",199627,1996,27,1,1,0,0,3249173,456390,815551,1347511
"80",199628,1996,28,1,1,0,0,3249173,456390,815551,1347511
"81",199629,1996,29,1,1,0,0,3249173,456390,815551,1347511
"82",199630,1996,30,1,1,0,0,3249173,456390,815551,1347511
"83",199631,1996,31,1,1,0,0,3249173,456390,815551,1347511
"84",199632,1996,32,0,0,0,0,3249173,456390,815551,1347511
"85",199633,1996,33,2,2,0,0,3249173,456390,815551,1347511
"86",199634,1996,34,1,1,0,0,3249173,456390,815551,1347511
"87",199635,1996,35,1,1,0,0,3249173,456390,815551,1347511
"88",199636,1996,36,0,0,0,0,3249173,456390,815551,1347511
"89",199637,1996,37,3,3,0,0,3249173,456390,815551,1347511
"90",199638,1996,38,1,1,0,0,3249173,456390,815551,1347511
"91",199639,1996,39,8,7,1,0,3249173,456390,815551,1347511
"92",199640,1996,40,2,2,0,0,3249173,456390,815551,1347511
"93",199641,1996,41,2,1,1,0,3249173,456390,815551,1347511
"94",199642,1996,42,1,1,0,0,3249173,456390,815551,1347511
"95",199643,1996,43,6,2,3,1,3249173,456390,815551,1347511
"96",199644,1996,44,3,3,0,0,3249173,456390,815551,1347511
"97",199645,1996,45,3,2,1,0,3249173,456390,815551,1347511
"98",199646,1996,46,6,5,0,0,3249173,456390,815551,1347511
"99",199647,1996,47,5,5,0,0,3249173,456390,815551,1347511
"100",199648,1996,48,2,2,0,0,3249173,456390,815551,1347511
"101",199649,1996,49,0,0,0,0,3249173,456390,815551,1347511
"102",199650,1996,50,1,1,0,0,3249173,456390,815551,1347511
"103",199651,1996,51,1,0,0,1,3249173,456390,815551,1347511
"104",199652,1996,52,1,0,1,0,3249173,456390,815551,1347511
"105",199701,1997,1,10,8,0,1,3264107,459063,819243,1357249
"106",199702,1997,2,0,0,0,0,3264107,459063,819243,1357249
"107",199703,1997,3,2,1,1,0,3264107,459063,819243,1357249
"108",199704,1997,4,0,0,0,0,3264107,459063,819243,1357249
"109",199705,1997,5,3,3,0,0,3264107,459063,819243,1357249
"110",199706,1997,6,0,0,0,0,3264107,459063,819243,1357249
"111",199707,1997,7,0,0,0,0,3264107,459063,819243,1357249
"112",199708,1997,8,0,0,0,0,3264107,459063,819243,1357249
"113",199709,1997,9,0,0,0,0,3264107,459063,819243,1357249
"114",199710,1997,10,0,0,0,0,3264107,459063,819243,1357249
"115",199711,1997,11,2,2,0,0,3264107,459063,819243,1357249
"116",199712,1997,12,0,0,0,0,3264107,459063,819243,1357249
"117",199713,1997,13,0,0,0,0,3264107,459063,819243,1357249
"118",199714,1997,14,2,2,0,0,3264107,459063,819243,1357249
"119",199715,1997,15,0,0,0,0,3264107,459063,819243,1357249
"120",199716,1997,16,1,1,0,0,3264107,459063,819243,1357249
"121",199717,1997,17,1,1,0,0,3264107,459063,819243,1357249
"122",199718,1997,18,1,1,0,0,3264107,459063,819243,1357249
"123",199719,1997,19,1,1,0,0,3264107,459063,819243,1357249
"124",199720,1997,20,2,2,0,0,3264107,459063,819243,1357249
"125",199721,1997,21,4,3,0,1,3264107,459063,819243,1357249
"126",199722,1997,22,1,1,0,0,3264107,459063,819243,1357249
"127",199723,1997,23,1,1,0,0,3264107,459063,819243,1357249
"128",199724,1997,24,1,1,0,0,3264107,459063,819243,1357249
"129",199725,1997,25,1,1,0,0,3264107,459063,819243,1357249
"130",199726,1997,26,2,2,0,0,3264107,459063,819243,1357249
"131",199727,1997,27,1,1,0,0,3264107,459063,819243,1357249
"132",199728,1997,28,3,1,1,0,3264107,459063,819243,1357249
"133",199729,1997,29,1,1,0,0,3264107,459063,819243,1357249
"134",199730,1997,30,0,0,0,0,3264107,459063,819243,1357249
"135",199731,1997,31,2,1,0,1,3264107,459063,819243,1357249
"136",199732,1997,32,3,2,0,1,3264107,459063,819243,1357249
"137",199733,1997,33,1,1,0,0,3264107,459063,819243,1357249
"138",199734,1997,34,1,0,0,1,3264107,459063,819243,1357249
"139",199735,1997,35,6,6,0,0,3264107,459063,819243,1357249
"140",199736,1997,36,4,4,0,0,3264107,459063,819243,1357249
"141",199737,1997,37,2,2,0,0,3264107,459063,819243,1357249
"142",199738,1997,38,3,3,0,0,3264107,459063,819243,1357249
"143",199739,1997,39,5,4,0,1,3264107,459063,819243,1357249
"144",199740,1997,40,2,1,0,1,3264107,459063,819243,1357249
"145",199741,1997,41,3,3,0,0,3264107,459063,819243,1357249
"146",199742,1997,42,5,4,1,0,3264107,459063,819243,1357249
"147",199743,1997,43,7,3,2,2,3264107,459063,819243,1357249
"148",199744,1997,44,3,2,0,1,3264107,459063,819243,1357249
"149",199745,1997,45,1,1,0,0,3264107,459063,819243,1357249
"150",199746,1997,46,4,3,1,0,3264107,459063,819243,1357249
"151",199747,1997,47,1,0,0,0,3264107,459063,819243,1357249
"152",199748,1997,48,2,1,1,1,3264107,459063,819243,1357249
"153",199749,1997,49,3,1,2,0,3264107,459063,819243,1357249
"154",199750,1997,50,2,2,0,0,3264107,459063,819243,1357249
"155",199751,1997,51,3,2,0,0,3264107,459063,819243,1357249
"156",199752,1997,52,1,1,0,0,3264107,459063,819243,1357249
"157",199801,1998,1,3,3,0,0,3278867,461758,823069,1367727
"158",199802,1998,2,1,1,0,0,3278867,461758,823069,1367727
"159",199803,1998,3,0,0,0,0,3278867,461758,823069,1367727
"160",199804,1998,4,1,1,0,0,3278867,461758,823069,1367727
"161",199805,1998,5,1,1,0,0,3278867,461758,823069,1367727
"162",199806,1998,6,1,1,0,0,3278867,461758,823069,1367727
"163",199807,1998,7,0,0,0,0,3278867,461758,823069,1367727
"164",199808,1998,8,1,0,1,0,3278867,461758,823069,1367727
"165",199809,1998,9,1,0,0,1,3278867,461758,823069,1367727
"166",199810,1998,10,2,2,0,0,3278867,461758,823069,1367727
"167",199811,1998,11,1,0,1,0,3278867,461758,823069,1367727
"168",199812,1998,12,4,3,0,1,3278867,461758,823069,1367727
"169",199813,1998,13,1,1,0,0,3278867,461758,823069,1367727
"170",199814,1998,14,2,1,0,1,3278867,461758,823069,1367727
"171",199815,1998,15,5,3,0,2,3278867,461758,823069,1367727
"172",199816,1998,16,1,0,0,0,3278867,461758,823069,1367727
"173",199817,1998,17,0,0,0,0,3278867,461758,823069,1367727
"174",199818,1998,18,0,0,0,0,3278867,461758,823069,1367727
"175",199819,1998,19,1,1,0,0,3278867,461758,823069,1367727
"176",199820,1998,20,1,0,0,0,3278867,461758,823069,1367727
"177",199821,1998,21,0,0,0,0,3278867,461758,823069,1367727
"178",199822,1998,22,0,0,0,0,3278867,461758,823069,1367727
"179",199823,1998,23,1,1,0,0,3278867,461758,823069,1367727
"180",199824,1998,24,1,0,0,0,3278867,461758,823069,1367727
"181",199825,1998,25,0,0,0,1,3278867,461758,823069,1367727
"182",199826,1998,26,1,1,0,0,3278867,461758,823069,1367727
"183",199827,1998,27,3,1,0,1,3278867,461758,823069,1367727
"184",199828,1998,28,1,0,1,0,3278867,461758,823069,1367727
"185",199829,1998,29,1,1,0,0,3278867,461758,823069,1367727
"186",199830,1998,30,1,1,0,0,3278867,461758,823069,1367727
"187",199831,1998,31,2,2,0,0,3278867,461758,823069,1367727
"188",199832,1998,32,3,2,0,0,3278867,461758,823069,1367727
"189",199833,1998,33,1,1,0,1,3278867,461758,823069,1367727
"190",199834,1998,34,3,3,0,0,3278867,461758,823069,1367727
"191",199835,1998,35,3,2,0,0,3278867,461758,823069,1367727
"192",199836,1998,36,2,2,0,1,3278867,461758,823069,1367727
"193",199837,1998,37,4,3,1,0,3278867,461758,823069,1367727
"194",199838,1998,38,2,1,1,0,3278867,461758,823069,1367727
"195",199839,1998,39,5,1,3,0,3278867,461758,823069,1367727
"196",199840,1998,40,5,1,2,1,3278867,461758,823069,1367727
"197",199841,1998,41,5,2,3,0,3278867,461758,823069,1367727
"198",199842,1998,42,4,2,2,0,3278867,461758,823069,1367727
"199",199843,1998,43,8,7,0,1,3278867,461758,823069,1367727
"200",199844,1998,44,9,2,7,0,3278867,461758,823069,1367727
"201",199845,1998,45,6,4,2,0,3278867,461758,823069,1367727
"202",199846,1998,46,1,0,1,0,3278867,461758,823069,1367727
"203",199847,1998,47,4,3,0,1,3278867,461758,823069,1367727
"204",199848,1998,48,3,2,1,0,3278867,461758,823069,1367727
"205",199849,1998,49,3,0,1,2,3278867,461758,823069,1367727
"206",199850,1998,50,2,0,0,1,3278867,461758,823069,1367727
"207",199851,1998,51,3,2,0,1,3278867,461758,823069,1367727
"208",199852,1998,52,3,2,0,1,3278867,461758,823069,1367727
"209",199901,1999,1,12,9,2,1,3297701,465014,829249,1377451
"210",199902,1999,2,1,0,0,1,3297701,465014,829249,1377451
"211",199903,1999,3,3,3,0,0,3297701,465014,829249,1377451
"212",199904,1999,4,3,2,0,2,3297701,465014,829249,1377451
"213",199905,1999,5,2,1,0,0,3297701,465014,829249,1377451
"214",199906,1999,6,2,1,0,1,3297701,465014,829249,1377451
"215",199907,1999,7,3,3,0,0,3297701,465014,829249,1377451
"216",199908,1999,8,2,2,0,0,3297701,465014,829249,1377451
"217",199909,1999,9,1,0,1,0,3297701,465014,829249,1377451
"218",199910,1999,10,3,3,0,0,3297701,465014,829249,1377451
"219",199911,1999,11,2,2,0,0,3297701,465014,829249,1377451
"220",199912,1999,12,1,1,0,0,3297701,465014,829249,1377451
"221",199913,1999,13,1,1,0,0,3297701,465014,829249,1377451
"222",199914,1999,14,0,0,0,0,3297701,465014,829249,1377451
"223",199915,1999,15,0,0,0,0,3297701,465014,829249,1377451
"224",199916,1999,16,0,0,0,0,3297701,465014,829249,1377451
"225",199917,1999,17,1,0,1,0,3297701,465014,829249,1377451
"226",199918,1999,18,0,0,0,0,3297701,465014,829249,1377451
"227",199919,1999,19,0,0,0,0,3297701,465014,829249,1377451
"228",199920,1999,20,0,0,0,1,3297701,465014,829249,1377451
"229",199921,1999,21,4,3,0,0,3297701,465014,829249,1377451
"230",199922,1999,22,2,2,0,0,3297701,465014,829249,1377451
"231",199923,1999,23,2,2,0,0,3297701,465014,829249,1377451
"232",199924,1999,24,0,0,0,1,3297701,465014,829249,1377451
"233",199925,1999,25,2,1,0,0,3297701,465014,829249,1377451
"234",199926,1999,26,1,1,0,0,3297701,465014,829249,1377451
"235",199927,1999,27,2,1,0,0,3297701,465014,829249,1377451
"236",199928,1999,28,1,0,0,0,3297701,465014,829249,1377451
"237",199929,1999,29,0,0,0,0,3297701,465014,829249,1377451
"238",199930,1999,30,0,0,0,0,3297701,465014,829249,1377451
"239",199931,1999,31,0,0,0,0,3297701,465014,829249,1377451
"240",199932,1999,32,2,2,0,1,3297701,465014,829249,1377451
"241",199933,1999,33,3,2,0,0,3297701,465014,829249,1377451
"242",199934,1999,34,3,3,0,0,3297701,465014,829249,1377451
"243",199935,1999,35,2,1,1,0,3297701,465014,829249,1377451
"244",199936,1999,36,3,2,1,0,3297701,465014,829249,1377451
"245",199937,1999,37,7,6,1,0,3297701,465014,829249,1377451
"246",199938,1999,38,7,7,0,0,3297701,465014,829249,1377451
"247",199939,1999,39,2,2,0,0,3297701,465014,829249,1377451
"248",199940,1999,40,5,3,2,0,3297701,465014,829249,1377451
"249",199941,1999,41,3,2,1,1,3297701,465014,829249,1377451
"250",199942,1999,42,3,2,0,0,3297701,465014,829249,1377451
"251",199943,1999,43,1,1,0,0,3297701,465014,829249,1377451
"252",199944,1999,44,5,5,0,0,3297701,465014,829249,1377451
"253",199945,1999,45,5,3,2,0,3297701,465014,829249,1377451
"254",199946,1999,46,3,1,1,0,3297701,465014,829249,1377451
"255",199947,1999,47,2,1,1,0,3297701,465014,829249,1377451
"256",199948,1999,48,0,0,0,0,3297701,465014,829249,1377451
"257",199949,1999,49,4,4,0,0,3297701,465014,829249,1377451
"258",199950,1999,50,3,2,1,0,3297701,465014,829249,1377451
"259",199951,1999,51,4,2,2,0,3297701,465014,829249,1377451
"260",199952,1999,52,0,0,0,0,3297701,465014,829249,1377451
"261",200001,2000,1,1,1,0,0,3318390,468323,834977,1387420
"262",200002,2000,2,1,1,0,1,3318390,468323,834977,1387420
"263",200003,2000,3,2,1,0,0,3318390,468323,834977,1387420
"264",200004,2000,4,4,4,0,0,3318390,468323,834977,1387420
"265",200005,2000,5,0,0,0,0,3318390,468323,834977,1387420
"266",200006,2000,6,3,2,1,0,3318390,468323,834977,1387420
"267",200007,2000,7,1,1,0,0,3318390,468323,834977,1387420
"268",200008,2000,8,3,2,1,0,3318390,468323,834977,1387420
"269",200009,2000,9,1,0,0,1,3318390,468323,834977,1387420
"270",200010,2000,10,0,0,0,0,3318390,468323,834977,1387420
"271",200011,2000,11,0,0,0,0,3318390,468323,834977,1387420
"272",200012,2000,12,0,0,0,0,3318390,468323,834977,1387420
"273",200013,2000,13,0,0,0,0,3318390,468323,834977,1387420
"274",200014,2000,14,3,3,0,0,3318390,468323,834977,1387420
"275",200015,2000,15,4,2,1,1,3318390,468323,834977,1387420
"276",200016,2000,16,1,1,0,0,3318390,468323,834977,1387420
"277",200017,2000,17,0,0,0,0,3318390,468323,834977,1387420
"278",200018,2000,18,1,1,0,0,3318390,468323,834977,1387420
"279",200019,2000,19,0,0,0,0,3318390,468323,834977,1387420
"280",200020,2000,20,1,1,0,0,3318390,468323,834977,1387420
"281",200021,2000,21,1,1,0,0,3318390,468323,834977,1387420
"282",200022,2000,22,1,1,0,0,3318390,468323,834977,1387420
"283",200023,2000,23,2,2,0,0,3318390,468323,834977,1387420
"284",200024,2000,24,3,2,1,0,3318390,468323,834977,1387420
"285",200025,2000,25,2,1,1,0,3318390,468323,834977,1387420
"286",200026,2000,26,2,2,0,0,3318390,468323,834977,1387420
"287",200027,2000,27,0,0,0,0,3318390,468323,834977,1387420
"288",200028,2000,28,3,1,2,0,3318390,468323,834977,1387420
"289",200029,2000,29,0,0,0,0,3318390,468323,834977,1387420
"290",200030,2000,30,2,1,0,0,3318390,468323,834977,1387420
"291",200031,2000,31,0,0,0,0,3318390,468323,834977,1387420
"292",200032,2000,32,1,0,1,0,3318390,468323,834977,1387420
"293",200033,2000,33,0,0,0,0,3318390,468323,834977,1387420
"294",200034,2000,34,3,3,0,0,3318390,468323,834977,1387420
"295",200035,2000,35,6,3,2,0,3318390,468323,834977,1387420
"296",200036,2000,36,4,3,1,0,3318390,468323,834977,1387420
"297",200037,2000,37,1,0,1,0,3318390,468323,834977,1387420
"298",200038,2000,38,3,3,0,0,3318390,468323,834977,1387420
"299",200039,2000,39,2,1,1,0,3318390,468323,834977,1387420
"300",200040,2000,40,6,2,2,1,3318390,468323,834977,1387420
"301",200041,2000,41,5,3,0,2,3318390,468323,834977,1387420
"302",200042,2000,42,4,2,1,0,3318390,468323,834977,1387420
"303",200043,2000,43,3,2,1,0,3318390,468323,834977,1387420
"304",200044,2000,44,1,1,0,0,3318390,468323,834977,1387420
"305",200045,2000,45,4,3,1,1,3318390,468323,834977,1387420
"306",200046,2000,46,2,1,0,0,3318390,468323,834977,1387420
"307",200047,2000,47,4,3,1,1,3318390,468323,834977,1387420
"308",200048,2000,48,3,2,0,0,3318390,468323,834977,1387420
"309",200049,2000,49,0,0,0,0,3318390,468323,834977,1387420
"310",200050,2000,50,2,1,1,0,3318390,468323,834977,1387420
"311",200051,2000,51,3,2,1,0,3318390,468323,834977,1387420
"312",200052,2000,52,1,1,0,0,3318390,468323,834977,1387420
"313",200101,2001,1,0,0,0,0,3335045,471507,839387,1395216
"314",200102,2001,2,1,0,0,1,3335045,471507,839387,1395216
"315",200103,2001,3,4,3,0,1,3335045,471507,839387,1395216
"316",200104,2001,4,2,1,1,0,3335045,471507,839387,1395216
"317",200105,2001,5,5,4,1,0,3335045,471507,839387,1395216
"318",200106,2001,6,6,4,0,2,3335045,471507,839387,1395216
"319",200107,2001,7,0,0,0,0,3335045,471507,839387,1395216
"320",200108,2001,8,1,0,1,0,3335045,471507,839387,1395216
"321",200109,2001,9,2,1,1,0,3335045,471507,839387,1395216
"322",200110,2001,10,2,1,1,0,3335045,471507,839387,1395216
"323",200111,2001,11,2,2,0,0,3335045,471507,839387,1395216
"324",200112,2001,12,2,2,0,0,3335045,471507,839387,1395216
"325",200113,2001,13,2,1,0,0,3335045,471507,839387,1395216
"326",200114,2001,14,3,1,1,1,3335045,471507,839387,1395216
"327",200115,2001,15,0,0,0,0,3335045,471507,839387,1395216
"328",200116,2001,16,0,0,0,0,3335045,471507,839387,1395216
"329",200117,2001,17,1,1,0,0,3335045,471507,839387,1395216
"330",200118,2001,18,1,1,0,0,3335045,471507,839387,1395216
"331",200119,2001,19,0,0,0,0,3335045,471507,839387,1395216
"332",200120,2001,20,0,0,0,0,3335045,471507,839387,1395216
"333",200121,2001,21,2,2,0,0,3335045,471507,839387,1395216
"334",200122,2001,22,1,1,0,0,3335045,471507,839387,1395216
"335",200123,2001,23,0,0,0,0,3335045,471507,839387,1395216
"336",200124,2001,24,1,1,0,0,3335045,471507,839387,1395216
"337",200125,2001,25,2,1,0,1,3335045,471507,839387,1395216
"338",200126,2001,26,3,2,1,0,3335045,471507,839387,1395216
"339",200127,2001,27,1,1,0,0,3335045,471507,839387,1395216
"340",200128,2001,28,0,0,0,0,3335045,471507,839387,1395216
"341",200129,2001,29,2,0,1,1,3335045,471507,839387,1395216
"342",200130,2001,30,1,1,0,0,3335045,471507,839387,1395216
"343",200131,2001,31,2,1,0,1,3335045,471507,839387,1395216
"344",200132,2001,32,5,4,1,0,3335045,471507,839387,1395216
"345",200133,2001,33,0,0,0,0,3335045,471507,839387,1395216
"346",200134,2001,34,3,2,1,0,3335045,471507,839387,1395216
"347",200135,2001,35,1,0,1,0,3335045,471507,839387,1395216
"348",200136,2001,36,1,1,0,0,3335045,471507,839387,1395216
"349",200137,2001,37,1,1,0,0,3335045,471507,839387,1395216
"350",200138,2001,38,3,3,0,0,3335045,471507,839387,1395216
"351",200139,2001,39,2,0,2,0,3335045,471507,839387,1395216
"352",200140,2001,40,1,0,0,1,3335045,471507,839387,1395216
"353",200141,2001,41,2,1,1,0,3335045,471507,839387,1395216
"354",200142,2001,42,3,1,2,0,3335045,471507,839387,1395216
"355",200143,2001,43,0,0,0,0,3335045,471507,839387,1395216
"356",200144,2001,44,5,4,0,0,3335045,471507,839387,1395216
"357",200145,2001,45,1,1,0,0,3335045,471507,839387,1395216
"358",200146,2001,46,2,1,0,1,3335045,471507,839387,1395216
"359",200147,2001,47,1,1,0,0,3335045,471507,839387,1395216
"360",200148,2001,48,4,1,2,1,3335045,471507,839387,1395216
"361",200149,2001,49,2,2,0,0,3335045,471507,839387,1395216
"362",200150,2001,50,1,1,0,0,3335045,471507,839387,1395216
"363",200151,2001,51,0,0,0,0,3335045,471507,839387,1395216
"364",200152,2001,52,2,1,1,0,3335045,471507,839387,1395216
"365",200201,2002,1,0,0,0,0,3349563,473654,843796,1402880
"366",200202,2002,2,2,2,0,0,3349563,473654,843796,1402880
"367",200203,2002,3,0,0,0,0,3349563,473654,843796,1402880
"368",200204,2002,4,2,2,0,0,3349563,473654,843796,1402880
"369",200205,2002,5,1,1,0,0,3349563,473654,843796,1402880
"370",200206,2002,6,3,3,0,0,3349563,473654,843796,1402880
"371",200207,2002,7,2,1,0,1,3349563,473654,843796,1402880
"372",200208,2002,8,1,0,1,0,3349563,473654,843796,1402880
"373",200209,2002,9,0,0,0,0,3349563,473654,843796,1402880
"374",200210,2002,10,0,0,0,0,3349563,473654,843796,1402880
"375",200211,2002,11,0,0,0,0,3349563,473654,843796,1402880
"376",200212,2002,12,3,2,0,1,3349563,473654,843796,1402880
"377",200213,2002,13,1,0,0,1,3349563,473654,843796,1402880
"378",200214,2002,14,0,0,0,0,3349563,473654,843796,1402880
"379",200215,2002,15,0,0,0,0,3349563,473654,843796,1402880
"380",200216,2002,16,1,1,0,0,3349563,473654,843796,1402880
"381",200217,2002,17,0,0,0,0,3349563,473654,843796,1402880
"382",200218,2002,18,1,0,1,0,3349563,473654,843796,1402880
"383",200219,2002,19,0,0,0,0,3349563,473654,843796,1402880
"384",200220,2002,20,1,1,0,0,3349563,473654,843796,1402880
"385",200221,2002,21,0,0,0,0,3349563,473654,843796,1402880
"386",200222,2002,22,0,0,0,0,3349563,473654,843796,1402880
"387",200223,2002,23,0,0,0,0,3349563,473654,843796,1402880
"388",200224,2002,24,0,0,0,0,3349563,473654,843796,1402880
"389",200225,2002,25,1,1,0,0,3349563,473654,843796,1402880
"390",200226,2002,26,0,0,0,0,3349563,473654,843796,1402880
"391",200227,2002,27,2,1,1,0,3349563,473654,843796,1402880
"392",200228,2002,28,0,0,0,0,3349563,473654,843796,1402880
"393",200229,2002,29,3,2,1,0,3349563,473654,843796,1402880
"394",200230,2002,30,1,1,0,0,3349563,473654,843796,1402880
"395",200231,2002,31,0,0,0,0,3349563,473654,843796,1402880
"396",200232,2002,32,0,0,0,0,3349563,473654,843796,1402880
"397",200233,2002,33,4,0,2,0,3349563,473654,843796,1402880
"398",200234,2002,34,2,1,1,0,3349563,473654,843796,1402880
"399",200235,2002,35,0,0,0,0,3349563,473654,843796,1402880
"400",200236,2002,36,2,0,1,1,3349563,473654,843796,1402880
"401",200237,2002,37,3,2,1,0,3349563,473654,843796,1402880
"402",200238,2002,38,3,0,1,2,3349563,473654,843796,1402880
"403",200239,2002,39,2,1,0,1,3349563,473654,843796,1402880
"404",200240,2002,40,1,1,0,0,3349563,473654,843796,1402880
"405",200241,2002,41,4,3,0,1,3349563,473654,843796,1402880
"406",200242,2002,42,2,0,2,0,3349563,473654,843796,1402880
"407",200243,2002,43,2,0,1,0,3349563,473654,843796,1402880
"408",200244,2002,44,2,1,0,1,3349563,473654,843796,1402880
"409",200245,2002,45,2,1,1,0,3349563,473654,843796,1402880
"410",200246,2002,46,4,2,2,0,3349563,473654,843796,1402880
"411",200247,2002,47,2,0,2,0,3349563,473654,843796,1402880
"412",200248,2002,48,1,0,1,0,3349563,473654,843796,1402880
"413",200249,2002,49,1,0,1,0,3349563,473654,843796,1402880
"414",200250,2002,50,3,2,0,0,3349563,473654,843796,1402880
"415",200251,2002,51,1,0,1,1,3349563,473654,843796,1402880
"416",200252,2002,52,3,2,1,0,3349563,473654,843796,1402880
"417",200301,2003,1,1,0,0,1,3369844,476604,850202,1412273
"418",200302,2003,2,1,1,0,0,3369844,476604,850202,1412273
"419",200303,2003,3,2,2,0,0,3369844,476604,850202,1412273
"420",200304,2003,4,2,2,0,0,3369844,476604,850202,1412273
"421",200305,2003,5,1,1,0,0,3369844,476604,850202,1412273
"422",200306,2003,6,4,3,1,0,3369844,476604,850202,1412273
"423",200307,2003,7,0,0,0,0,3369844,476604,850202,1412273
"424",200308,2003,8,1,1,0,0,3369844,476604,850202,1412273
"425",200309,2003,9,1,1,0,0,3369844,476604,850202,1412273
"426",200310,2003,10,2,1,0,1,3369844,476604,850202,1412273
"427",200311,2003,11,0,0,0,0,3369844,476604,850202,1412273
"428",200312,2003,12,2,2,0,0,3369844,476604,850202,1412273
"429",200313,2003,13,2,2,0,0,3369844,476604,850202,1412273
"430",200314,2003,14,0,0,0,0,3369844,476604,850202,1412273
"431",200315,2003,15,0,0,0,0,3369844,476604,850202,1412273
"432",200316,2003,16,0,0,0,0,3369844,476604,850202,1412273
"433",200317,2003,17,3,1,1,0,3369844,476604,850202,1412273
"434",200318,2003,18,0,0,0,1,3369844,476604,850202,1412273
"435",200319,2003,19,0,0,0,0,3369844,476604,850202,1412273
"436",200320,2003,20,1,0,1,0,3369844,476604,850202,1412273
"437",200321,2003,21,1,0,0,1,3369844,476604,850202,1412273
"438",200322,2003,22,1,1,0,0,3369844,476604,850202,1412273
"439",200323,2003,23,0,0,0,0,3369844,476604,850202,1412273
"440",200324,2003,24,1,1,0,0,3369844,476604,850202,1412273
"441",200325,2003,25,1,1,0,0,3369844,476604,850202,1412273
"442",200326,2003,26,1,1,0,0,3369844,476604,850202,1412273
"443",200327,2003,27,0,0,0,0,3369844,476604,850202,1412273
"444",200328,2003,28,1,1,0,0,3369844,476604,850202,1412273
"445",200329,2003,29,2,1,0,0,3369844,476604,850202,1412273
"446",200330,2003,30,2,2,0,0,3369844,476604,850202,1412273
"447",200331,2003,31,1,1,0,0,3369844,476604,850202,1412273
"448",200332,2003,32,3,1,2,0,3369844,476604,850202,1412273
"449",200333,2003,33,1,1,0,0,3369844,476604,850202,1412273
"450",200334,2003,34,2,1,0,1,3369844,476604,850202,1412273
"451",200335,2003,35,3,2,1,0,3369844,476604,850202,1412273
"452",200336,2003,36,1,1,0,0,3369844,476604,850202,1412273
"453",200337,2003,37,1,1,0,0,3369844,476604,850202,1412273
"454",200338,2003,38,6,2,2,1,3369844,476604,850202,1412273
"455",200339,2003,39,8,4,1,1,3369844,476604,850202,1412273
"456",200340,2003,40,4,4,0,0,3369844,476604,850202,1412273
"457",200341,2003,41,8,6,2,0,3369844,476604,850202,1412273
"458",200342,2003,42,5,5,0,0,3369844,476604,850202,1412273
"459",200343,2003,43,1,1,0,0,3369844,476604,850202,1412273
"460",200344,2003,44,4,3,1,0,3369844,476604,850202,1412273
"461",200345,2003,45,0,0,0,0,3369844,476604,850202,1412273
"462",200346,2003,46,1,0,0,1,3369844,476604,850202,1412273
"463",200347,2003,47,3,1,2,0,3369844,476604,850202,1412273
"464",200348,2003,48,6,6,0,0,3369844,476604,850202,1412273
"465",200349,2003,49,1,1,0,0,3369844,476604,850202,1412273
"466",200350,2003,50,2,1,1,0,3369844,476604,850202,1412273
"467",200351,2003,51,2,1,1,0,3369844,476604,850202,1412273
"468",200352,2003,52,4,4,0,0,3369844,476604,850202,1412273
"469",200401,2004,1,0,0,0,0,3387101,478936,856237,1418825
"470",200402,2004,2,2,1,1,0,3387101,478936,856237,1418825
"471",200403,2004,3,1,1,0,0,3387101,478936,856237,1418825
"472",200404,2004,4,2,1,1,0,3387101,478936,856237,1418825
"473",200405,2004,5,0,0,0,0,3387101,478936,856237,1418825
"474",200406,2004,6,4,1,1,1,3387101,478936,856237,1418825
"475",200407,2004,7,1,0,1,1,3387101,478936,856237,1418825
"476",200408,2004,8,1,1,0,0,3387101,478936,856237,1418825
"477",200409,2004,9,1,1,0,0,3387101,478936,856237,1418825
"478",200410,2004,10,1,0,1,0,3387101,478936,856237,1418825
"479",200411,2004,11,2,2,0,0,3387101,478936,856237,1418825
"480",200412,2004,12,2,1,0,0,3387101,478936,856237,1418825
"481",200413,2004,13,1,1,0,0,3387101,478936,856237,1418825
"482",200414,2004,14,1,1,0,0,3387101,478936,856237,1418825
"483",200415,2004,15,0,0,0,0,3387101,478936,856237,1418825
"484",200416,2004,16,0,0,0,0,3387101,478936,856237,1418825
"485",200417,2004,17,0,0,0,0,3387101,478936,856237,1418825
"486",200418,2004,18,0,0,0,0,3387101,478936,856237,1418825
"487",200419,2004,19,2,0,1,0,3387101,478936,856237,1418825
"488",200420,2004,20,1,0,0,2,3387101,478936,856237,1418825
"489",200421,2004,21,3,2,1,0,3387101,478936,856237,1418825
"490",200422,2004,22,1,1,0,0,3387101,478936,856237,1418825
"491",200423,2004,23,0,0,0,0,3387101,478936,856237,1418825
"492",200424,2004,24,1,0,1,0,3387101,478936,856237,1418825
"493",200425,2004,25,1,1,0,0,3387101,478936,856237,1418825
"494",200426,2004,26,1,1,0,0,3387101,478936,856237,1418825
"495",200427,2004,27,4,2,2,0,3387101,478936,856237,1418825
"496",200428,2004,28,1,1,0,0,3387101,478936,856237,1418825
"497",200429,2004,29,2,1,1,0,3387101,478936,856237,1418825
"498",200430,2004,30,1,0,1,0,3387101,478936,856237,1418825
"499",200431,2004,31,2,1,0,0,3387101,478936,856237,1418825
"500",200432,2004,32,5,3,2,1,3387101,478936,856237,1418825
"501",200433,2004,33,4,1,1,1,3387101,478936,856237,1418825
"502",200434,2004,34,2,1,1,1,3387101,478936,856237,1418825
"503",200435,2004,35,10,5,4,1,3387101,478936,856237,1418825
"504",200436,2004,36,5,2,1,0,3387101,478936,856237,1418825
"505",200437,2004,37,9,6,1,2,3387101,478936,856237,1418825
"506",200438,2004,38,7,5,1,2,3387101,478936,856237,1418825
"507",200439,2004,39,6,1,4,1,3387101,478936,856237,1418825
"508",200440,2004,40,9,4,1,2,3387101,478936,856237,1418825
"509",200441,2004,41,12,7,4,2,3387101,478936,856237,1418825
"510",200442,2004,42,2,0,0,2,3387101,478936,856237,1418825
"511",200443,2004,43,5,2,1,1,3387101,478936,856237,1418825
"512",200444,2004,44,3,3,0,1,3387101,478936,856237,1418825
"513",200445,2004,45,4,2,2,0,3387101,478936,856237,1418825
"514",200446,2004,46,8,3,2,0,3387101,478936,856237,1418825
"515",200447,2004,47,7,6,0,4,3387101,478936,856237,1418825
"516",200448,2004,48,7,4,1,0,3387101,478936,856237,1418825
"517",200449,2004,49,2,0,2,2,3387101,478936,856237,1418825
"518",200450,2004,50,3,2,0,0,3387101,478936,856237,1418825
"519",200451,2004,51,3,0,1,2,3387101,478936,856237,1418825
"520",200452,2004,52,1,1,0,0,3387101,478936,856237,1418825
"521",200501,2005,1,2,1,0,1,3408002,481351,862118,1428947
"522",200502,2005,2,1,0,0,1,3408002,481351,862118,1428947
"523",200503,2005,3,0,0,0,0,3408002,481351,862118,1428947
"524",200504,2005,4,1,1,0,0,3408002,481351,862118,1428947
"525",200505,2005,5,3,1,1,0,3408002,481351,862118,1428947
"526",200506,2005,6,2,2,0,0,3408002,481351,862118,1428947
"527",200507,2005,7,4,4,0,0,3408002,481351,862118,1428947
"528",200508,2005,8,0,0,0,0,3408002,481351,862118,1428947
"529",200509,2005,9,0,0,0,0,3408002,481351,862118,1428947
"530",200510,2005,10,1,1,0,0,3408002,481351,862118,1428947
"531",200511,2005,11,1,1,0,0,3408002,481351,862118,1428947
"532",200512,2005,12,1,1,0,0,3408002,481351,862118,1428947
"533",200513,2005,13,5,4,0,1,3408002,481351,862118,1428947
"534",200514,2005,14,1,1,0,0,3408002,481351,862118,1428947
"535",200515,2005,15,2,2,0,0,3408002,481351,862118,1428947
"536",200516,2005,16,0,0,0,0,3408002,481351,862118,1428947
"537",200517,2005,17,3,3,0,0,3408002,481351,862118,1428947
"538",200518,2005,18,0,0,0,0,3408002,481351,862118,1428947
"539",200519,2005,19,3,2,0,0,3408002,481351,862118,1428947
"540",200520,2005,20,2,1,1,0,3408002,481351,862118,1428947
"541",200521,2005,21,2,2,0,0,3408002,481351,862118,1428947
"542",200522,2005,22,4,4,0,0,3408002,481351,862118,1428947
"543",200523,2005,23,5,2,1,1,3408002,481351,862118,1428947
"544",200524,2005,24,5,4,0,1,3408002,481351,862118,1428947
"545",200525,2005,25,3,1,1,1,3408002,481351,862118,1428947
"546",200526,2005,26,2,2,0,0,3408002,481351,862118,1428947
"547",200527,2005,27,2,1,0,0,3408002,481351,862118,1428947
"548",200528,2005,28,1,0,1,0,3408002,481351,862118,1428947
"549",200529,2005,29,5,4,1,0,3408002,481351,862118,1428947
"550",200530,2005,30,4,1,1,2,3408002,481351,862118,1428947
"551",200531,2005,31,5,3,2,0,3408002,481351,862118,1428947
"552",200532,2005,32,4,3,0,1,3408002,481351,862118,1428947
"553",200533,2005,33,3,1,2,0,3408002,481351,862118,1428947
"554",200534,2005,34,4,3,1,0,3408002,481351,862118,1428947
"555",200535,2005,35,12,5,6,1,3408002,481351,862118,1428947
"556",200536,2005,36,7,6,1,0,3408002,481351,862118,1428947
"557",200537,2005,37,5,2,0,3,3408002,481351,862118,1428947
"558",200538,2005,38,11,5,2,3,3408002,481351,862118,1428947
"559",200539,2005,39,4,1,2,1,3408002,481351,862118,1428947
"560",200540,2005,40,4,2,1,1,3408002,481351,862118,1428947
"561",200541,2005,41,6,2,1,3,3408002,481351,862118,1428947
"562",200542,2005,42,2,2,0,0,3408002,481351,862118,1428947
"563",200543,2005,43,5,4,0,2,3408002,481351,862118,1428947
"564",200544,2005,44,7,6,0,0,3408002,481351,862118,1428947
"565",200545,2005,45,6,3,3,0,3408002,481351,862118,1428947
"566",200546,2005,46,8,3,3,2,3408002,481351,862118,1428947
"567",200547,2005,47,6,6,0,0,3408002,481351,862118,1428947
"568",200548,2005,48,5,2,3,0,3408002,481351,862118,1428947
"569",200549,2005,49,8,6,2,0,3408002,481351,862118,1428947
"570",200550,2005,50,2,0,2,0,3408002,481351,862118,1428947
"571",200551,2005,51,4,3,0,0,3408002,481351,862118,1428947
"572",200552,2005,52,2,0,1,1,3408002,481351,862118,1428947
"573",200601,2006,1,2,1,0,1,3434233,483692,869793,1442103
"574",200602,2006,2,8,5,3,0,3434233,483692,869793,1442103
"575",200603,2006,3,5,4,0,1,3434233,483692,869793,1442103
"576",200604,2006,4,3,2,0,1,3434233,483692,869793,1442103
"577",200605,2006,5,2,1,1,0,3434233,483692,869793,1442103
"578",200606,2006,6,3,3,0,0,3434233,483692,869793,1442103
"579",200607,2006,7,1,0,1,0,3434233,483692,869793,1442103
"580",200608,2006,8,0,0,0,0,3434233,483692,869793,1442103
"581",200609,2006,9,1,1,0,0,3434233,483692,869793,1442103
"582",200610,2006,10,2,1,1,0,3434233,483692,869793,1442103
"583",200611,2006,11,1,0,0,1,3434233,483692,869793,1442103
"584",200612,2006,12,1,0,0,1,3434233,483692,869793,1442103
"585",200613,2006,13,4,4,0,0,3434233,483692,869793,1442103
"586",200614,2006,14,2,0,1,1,3434233,483692,869793,1442103
"587",200615,2006,15,1,1,0,0,3434233,483692,869793,1442103
"588",200616,2006,16,1,0,1,0,3434233,483692,869793,1442103
"589",200617,2006,17,2,2,0,0,3434233,483692,869793,1442103
"590",200618,2006,18,3,2,0,1,3434233,483692,869793,1442103
"591",200619,2006,19,4,2,0,2,3434233,483692,869793,1442103
"592",200620,2006,20,2,2,0,0,3434233,483692,869793,1442103
"593",200621,2006,21,1,0,0,1,3434233,483692,869793,1442103
"594",200622,2006,22,3,3,0,0,3434233,483692,869793,1442103
"595",200623,2006,23,2,1,1,0,3434233,483692,869793,1442103
"596",200624,2006,24,2,2,0,0,3434233,483692,869793,1442103
"597",200625,2006,25,0,0,0,0,3434233,483692,869793,1442103
"598",200626,2006,26,1,0,0,1,3434233,483692,869793,1442103
"599",200627,2006,27,2,0,1,1,3434233,483692,869793,1442103
"600",200628,2006,28,1,1,0,0,3434233,483692,869793,1442103
"601",200629,2006,29,5,1,0,3,3434233,483692,869793,1442103
"602",200630,2006,30,8,4,1,3,3434233,483692,869793,1442103
"603",200631,2006,31,7,1,3,3,3434233,483692,869793,1442103
"604",200632,2006,32,5,3,1,1,3434233,483692,869793,1442103
"605",200633,2006,33,8,4,1,2,3434233,483692,869793,1442103
"606",200634,2006,34,4,2,2,0,3434233,483692,869793,1442103
"607",200635,2006,35,7,5,2,0,3434233,483692,869793,1442103
"608",200636,2006,36,10,3,4,3,3434233,483692,869793,1442103
"609",200637,2006,37,15,9,6,0,3434233,483692,869793,1442103
"610",200638,2006,38,4,1,3,1,3434233,483692,869793,1442103
"611",200639,2006,39,10,6,3,0,3434233,483692,869793,1442103
"612",200640,2006,40,4,1,2,0,3434233,483692,869793,1442103
"613",200641,2006,41,8,4,4,0,3434233,483692,869793,1442103
"614",200642,2006,42,10,6,2,1,3434233,483692,869793,1442103
"615",200643,2006,43,5,1,4,0,3434233,483692,869793,1442103
"616",200644,2006,44,6,2,3,1,3434233,483692,869793,1442103
"617",200645,2006,45,4,2,1,0,3434233,483692,869793,1442103
"618",200646,2006,46,2,1,0,0,3434233,483692,869793,1442103
"619",200647,2006,47,6,3,0,3,3434233,483692,869793,1442103
"620",200648,2006,48,8,4,3,1,3434233,483692,869793,1442103
"621",200649,2006,49,6,3,2,1,3434233,483692,869793,1442103
"622",200650,2006,50,2,2,0,0,3434233,483692,869793,1442103
"623",200651,2006,51,3,1,2,0,3434233,483692,869793,1442103
"624",200652,2006,52,3,2,1,0,3434233,483692,869793,1442103
"625",200701,2007,1,2,1,1,0,3466933,486863,879405,1458606
"626",200702,2007,2,2,0,0,2,3466933,486863,879405,1458606
"627",200703,2007,3,5,2,2,1,3466933,486863,879405,1458606
"628",200704,2007,4,4,2,1,1,3466933,486863,879405,1458606
"629",200705,2007,5,0,0,0,0,3466933,486863,879405,1458606
"630",200706,2007,6,2,2,0,0,3466933,486863,879405,1458606
"631",200707,2007,7,1,1,0,0,3466933,486863,879405,1458606
"632",200708,2007,8,3,2,0,0,3466933,486863,879405,1458606
"633",200709,2007,9,0,0,0,0,3466933,486863,879405,1458606
"634",200710,2007,10,2,1,1,0,3466933,486863,879405,1458606
"635",200711,2007,11,4,3,1,0,3466933,486863,879405,1458606
"636",200712,2007,12,7,7,0,0,3466933,486863,879405,1458606
"637",200713,2007,13,3,3,0,0,3466933,486863,879405,1458606
"638",200714,2007,14,1,1,0,0,3466933,486863,879405,1458606
"639",200715,2007,15,2,1,1,0,3466933,486863,879405,1458606
"640",200716,2007,16,3,2,1,0,3466933,486863,879405,1458606
"641",200717,2007,17,0,0,0,0,3466933,486863,879405,1458606
"642",200718,2007,18,2,2,0,0,3466933,486863,879405,1458606
"643",200719,2007,19,3,3,0,0,3466933,486863,879405,1458606
"644",200720,2007,20,3,3,0,0,3466933,486863,879405,1458606
"645",200721,2007,21,3,0,0,1,3466933,486863,879405,1458606
"646",200722,2007,22,3,1,2,0,3466933,486863,879405,1458606
"647",200723,2007,23,1,0,0,1,3466933,486863,879405,1458606
"648",200724,2007,24,4,3,0,1,3466933,486863,879405,1458606
"649",200725,2007,25,3,2,1,0,3466933,486863,879405,1458606
"650",200726,2007,26,2,0,2,0,3466933,486863,879405,1458606
"651",200727,2007,27,3,2,1,0,3466933,486863,879405,1458606
"652",200728,2007,28,4,1,1,2,3466933,486863,879405,1458606
"653",200729,2007,29,6,1,3,2,3466933,486863,879405,1458606
"654",200730,2007,30,1,1,0,0,3466933,486863,879405,1458606
"655",200731,2007,31,8,3,5,0,3466933,486863,879405,1458606
"656",200732,2007,32,8,2,5,1,3466933,486863,879405,1458606
"657",200733,2007,33,4,0,3,1,3466933,486863,879405,1458606
"658",200734,2007,34,7,3,3,1,3466933,486863,879405,1458606
"659",200735,2007,35,10,4,4,2,3466933,486863,879405,1458606
"660",200736,2007,36,3,1,1,1,3466933,486863,879405,1458606
"661",200737,2007,37,9,2,3,3,3466933,486863,879405,1458606
"662",200738,2007,38,9,3,4,0,3466933,486863,879405,1458606
"663",200739,2007,39,5,2,3,0,3466933,486863,879405,1458606
"664",200740,2007,40,10,4,3,3,3466933,486863,879405,1458606
"665",200741,2007,41,5,3,1,0,3466933,486863,879405,1458606
"666",200742,2007,42,6,2,2,2,3466933,486863,879405,1458606
"667",200743,2007,43,6,3,3,0,3466933,486863,879405,1458606
"668",200744,2007,44,12,6,4,1,3466933,486863,879405,1458606
"669",200745,2007,45,6,5,1,0,3466933,486863,879405,1458606
"670",200746,2007,46,7,6,0,0,3466933,486863,879405,1458606
"671",200747,2007,47,3,1,0,1,3466933,486863,879405,1458606
"672",200748,2007,48,0,0,0,0,3466933,486863,879405,1458606
"673",200749,2007,49,4,1,2,0,3466933,486863,879405,1458606
"674",200750,2007,50,3,1,2,0,3466933,486863,879405,1458606
"675",200751,2007,51,4,1,2,1,3466933,486863,879405,1458606
"676",200752,2007,52,1,1,0,0,3466933,486863,879405,1458606
"677",200801,2008,1,0,0,0,0,3514225,492564,893006,1481839
"678",200802,2008,2,5,3,1,1,3514225,492564,893006,1481839
"679",200803,2008,3,6,2,2,2,3514225,492564,893006,1481839
"680",200804,2008,4,1,0,0,1,3514225,492564,893006,1481839
"681",200805,2008,5,2,1,0,0,3514225,492564,893006,1481839
"682",200806,2008,6,3,3,0,0,3514225,492564,893006,1481839
"683",200807,2008,7,7,3,3,1,3514225,492564,893006,1481839
"684",200808,2008,8,2,0,0,1,3514225,492564,893006,1481839
"685",200809,2008,9,1,0,0,1,3514225,492564,893006,1481839
"686",200810,2008,10,3,0,0,3,3514225,492564,893006,1481839
"687",200811,2008,11,7,3,1,3,3514225,492564,893006,1481839
"688",200812,2008,12,1,1,0,0,3514225,492564,893006,1481839
"689",200813,2008,13,4,2,1,0,3514225,492564,893006,1481839
"690",200814,2008,14,1,0,0,0,3514225,492564,893006,1481839
"691",200815,2008,15,5,3,1,2,3514225,492564,893006,1481839
"692",200816,2008,16,3,2,0,1,3514225,492564,893006,1481839
"693",200817,2008,17,1,0,0,0,3514225,492564,893006,1481839
"694",200818,2008,18,5,3,0,2,3514225,492564,893006,1481839
"695",200819,2008,19,1,1,0,1,3514225,492564,893006,1481839
"696",200820,2008,20,4,4,0,0,3514225,492564,893006,1481839
"697",200821,2008,21,7,3,1,3,3514225,492564,893006,1481839
"698",200822,2008,22,3,1,2,0,3514225,492564,893006,1481839
"699",200823,2008,23,1,1,0,0,3514225,492564,893006,1481839
"700",200824,2008,24,8,5,0,2,3514225,492564,893006,1481839
"701",200825,2008,25,5,2,2,2,3514225,492564,893006,1481839
"702",200826,2008,26,3,3,0,0,3514225,492564,893006,1481839
"703",200827,2008,27,1,0,1,0,3514225,492564,893006,1481839
"704",200828,2008,28,5,1,2,1,3514225,492564,893006,1481839
"705",200829,2008,29,4,1,0,2,3514225,492564,893006,1481839
"706",200830,2008,30,1,0,0,0,3514225,492564,893006,1481839
"707",200831,2008,31,2,0,1,1,3514225,492564,893006,1481839
"708",200832,2008,32,11,4,2,3,3514225,492564,893006,1481839
"709",200833,2008,33,7,3,1,5,3514225,492564,893006,1481839
"710",200834,2008,34,9,3,5,0,3514225,492564,893006,1481839
"711",200835,2008,35,12,4,4,2,3514225,492564,893006,1481839
"712",200836,2008,36,5,1,4,0,3514225,492564,893006,1481839
"713",200837,2008,37,9,5,1,1,3514225,492564,893006,1481839
"714",200838,2008,38,8,1,2,4,3514225,492564,893006,1481839
"715",200839,2008,39,14,6,5,3,3514225,492564,893006,1481839
"716",200840,2008,40,6,1,2,2,3514225,492564,893006,1481839
"717",200841,2008,41,8,1,3,2,3514225,492564,893006,1481839
"718",200842,2008,42,7,1,2,4,3514225,492564,893006,1481839
"719",200843,2008,43,12,4,2,5,3514225,492564,893006,1481839
"720",200844,2008,44,3,2,0,2,3514225,492564,893006,1481839
"721",200845,2008,45,10,3,5,2,3514225,492564,893006,1481839
"722",200846,2008,46,7,2,4,0,3514225,492564,893006,1481839
"723",200847,2008,47,3,0,1,2,3514225,492564,893006,1481839
"724",200848,2008,48,1,0,1,0,3514225,492564,893006,1481839
"725",200849,2008,49,2,0,1,1,3514225,492564,893006,1481839
"726",200850,2008,50,8,0,5,1,3514225,492564,893006,1481839
"727",200851,2008,51,2,2,0,0,3514225,492564,893006,1481839
"728",200852,2008,52,0,0,0,0,3514225,492564,893006,1481839
"729",200901,2009,1,2,1,1,0,3567822,498850,908229,1507594
"730",200902,2009,2,5,3,2,0,3567822,498850,908229,1507594
"731",200903,2009,3,1,1,0,0,3567822,498850,908229,1507594
"732",200904,2009,4,0,0,0,0,3567822,498850,908229,1507594
"733",200905,2009,5,3,1,0,0,3567822,498850,908229,1507594
"734",200906,2009,6,1,1,0,1,3567822,498850,908229,1507594
"735",200907,2009,7,3,0,2,1,3567822,498850,908229,1507594
"736",200908,2009,8,1,1,0,0,3567822,498850,908229,1507594
"737",200909,2009,9,2,1,1,0,3567822,498850,908229,1507594
"738",200910,2009,10,1,1,0,0,3567822,498850,908229,1507594
"739",200911,2009,11,2,1,0,0,3567822,498850,908229,1507594
"740",200912,2009,12,1,0,1,1,3567822,498850,908229,1507594
"741",200913,2009,13,3,1,2,0,3567822,498850,908229,1507594
"742",200914,2009,14,3,1,1,0,3567822,498850,908229,1507594
"743",200915,2009,15,1,1,0,0,3567822,498850,908229,1507594
"744",200916,2009,16,1,1,0,0,3567822,498850,908229,1507594
"745",200917,2009,17,3,1,1,1,3567822,498850,908229,1507594
"746",200918,2009,18,1,0,0,1,3567822,498850,908229,1507594
"747",200919,2009,19,2,1,1,0,3567822,498850,908229,1507594
"748",200920,2009,20,2,0,2,0,3567822,498850,908229,1507594
"749",200921,2009,21,3,2,0,0,3567822,498850,908229,1507594
"750",200922,2009,22,1,1,0,1,3567822,498850,908229,1507594
"751",200923,2009,23,1,1,0,0,3567822,498850,908229,1507594
"752",200924,2009,24,3,0,1,0,3567822,498850,908229,1507594
"753",200925,2009,25,1,0,1,2,3567822,498850,908229,1507594
"754",200926,2009,26,2,0,0,0,3567822,498850,908229,1507594
"755",200927,2009,27,5,1,2,1,3567822,498850,908229,1507594
"756",200928,2009,28,5,1,1,3,3567822,498850,908229,1507594
"757",200929,2009,29,7,0,3,3,3567822,498850,908229,1507594
"758",200930,2009,30,4,1,2,2,3567822,498850,908229,1507594
"759",200931,2009,31,2,2,0,0,3567822,498850,908229,1507594
"760",200932,2009,32,8,4,2,1,3567822,498850,908229,1507594
"761",200933,2009,33,3,1,2,1,3567822,498850,908229,1507594
"762",200934,2009,34,4,1,1,1,3567822,498850,908229,1507594
"763",200935,2009,35,7,3,1,4,3567822,498850,908229,1507594
"764",200936,2009,36,10,4,3,1,3567822,498850,908229,1507594
"765",200937,2009,37,6,2,2,2,3567822,498850,908229,1507594
"766",200938,2009,38,8,2,4,4,3567822,498850,908229,1507594
"767",200939,2009,39,12,3,6,0,3567822,498850,908229,1507594
"768",200940,2009,40,10,5,2,4,3567822,498850,908229,1507594
"769",200941,2009,41,8,2,0,2,3567822,498850,908229,1507594
"770",200942,2009,42,7,0,4,6,3567822,498850,908229,1507594
"771",200943,2009,43,2,1,0,3,3567822,498850,908229,1507594
"772",200944,2009,44,7,4,0,0,3567822,498850,908229,1507594
"773",200945,2009,45,4,1,3,3,3567822,498850,908229,1507594
"774",200946,2009,46,4,0,1,1,3567822,498850,908229,1507594
"775",200947,2009,47,9,4,3,2,3567822,498850,908229,1507594
"776",200948,2009,48,4,2,0,2,3567822,498850,908229,1507594
"777",200949,2009,49,3,2,1,1,3567822,498850,908229,1507594
"778",200950,2009,50,5,3,0,0,3567822,498850,908229,1507594
"779",200951,2009,51,3,1,2,2,3567822,498850,908229,1507594
"780",200952,2009,52,0,0,0,0,3567822,498850,908229,1507594
"781",201001,2010,1,3,0,0,4,3618442,504427,923742,1530151
"782",201002,2010,2,3,0,0,0,3618442,504427,923742,1530151
"783",201003,2010,3,1,0,1,0,3618442,504427,923742,1530151
"784",201004,2010,4,2,0,0,2,3618442,504427,923742,1530151
"785",201005,2010,5,4,0,3,0,3618442,504427,923742,1530151
"786",201006,2010,6,2,1,0,1,3618442,504427,923742,1530151
"787",201007,2010,7,1,1,0,0,3618442,504427,923742,1530151
"788",201008,2010,8,2,2,0,0,3618442,504427,923742,1530151
"789",201009,2010,9,1,1,0,0,3618442,504427,923742,1530151
"790",201010,2010,10,3,1,0,1,3618442,504427,923742,1530151
"791",201011,2010,11,1,1,0,1,3618442,504427,923742,1530151
"792",201012,2010,12,3,0,0,2,3618442,504427,923742,1530151
"793",201013,2010,13,2,1,1,0,3618442,504427,923742,1530151
"794",201014,2010,14,1,1,0,0,3618442,504427,923742,1530151
"795",201015,2010,15,2,2,0,0,3618442,504427,923742,1530151
"796",201016,2010,16,0,0,0,0,3618442,504427,923742,1530151
"797",201017,2010,17,2,1,1,0,3618442,504427,923742,1530151
"798",201018,2010,18,2,1,1,0,3618442,504427,923742,1530151
"799",201019,2010,19,1,1,0,0,3618442,504427,923742,1530151
"800",201020,2010,20,1,0,1,0,3618442,504427,923742,1530151
"801",201021,2010,21,1,1,0,0,3618442,504427,923742,1530151
"802",201022,2010,22,1,0,1,0,3618442,504427,923742,1530151
"803",201023,2010,23,1,0,0,1,3618442,504427,923742,1530151
"804",201024,2010,24,3,2,1,0,3618442,504427,923742,1530151
"805",201025,2010,25,3,2,1,0,3618442,504427,923742,1530151
"806",201026,2010,26,3,2,0,0,3618442,504427,923742,1530151
"807",201027,2010,27,3,0,3,0,3618442,504427,923742,1530151
"808",201028,2010,28,0,0,0,0,3618442,504427,923742,1530151
"809",201029,2010,29,4,2,2,0,3618442,504427,923742,1530151
"810",201030,2010,30,1,0,1,1,3618442,504427,923742,1530151
"811",201031,2010,31,5,1,2,0,3618442,504427,923742,1530151
"812",201032,2010,32,4,3,0,1,3618442,504427,923742,1530151
"813",201033,2010,33,6,2,4,0,3618442,504427,923742,1530151
"814",201034,2010,34,7,3,4,0,3618442,504427,923742,1530151
"815",201035,2010,35,5,2,1,1,3618442,504427,923742,1530151
"816",201036,2010,36,8,3,4,3,3618442,504427,923742,1530151
"817",201037,2010,37,12,2,7,1,3618442,504427,923742,1530151
"818",201038,2010,38,8,2,3,1,3618442,504427,923742,1530151
"819",201039,2010,39,5,2,1,0,3618442,504427,923742,1530151
"820",201040,2010,40,2,0,2,0,3618442,504427,923742,1530151
"821",201041,2010,41,11,4,7,0,3618442,504427,923742,1530151
"822",201042,2010,42,6,1,4,1,3618442,504427,923742,1530151
"823",201043,2010,43,5,2,3,0,3618442,504427,923742,1530151
"824",201044,2010,44,6,3,2,1,3618442,504427,923742,1530151
"825",201045,2010,45,3,1,2,0,3618442,504427,923742,1530151
"826",201046,2010,46,6,1,5,0,3618442,504427,923742,1530151
"827",201047,2010,47,5,1,3,1,3618442,504427,923742,1530151
"828",201048,2010,48,6,2,2,2,3618442,504427,923742,1530151
"829",201049,2010,49,6,1,2,3,3618442,504427,923742,1530151
"830",201050,2010,50,3,1,2,0,3618442,504427,923742,1530151
"831",201051,2010,51,1,0,1,0,3618442,504427,923742,1530151
"832",201052,2010,52,4,1,1,2,3618442,504427,923742,1530151
"833",201101,2011,1,5,0,3,2,3674972,510995,940468,1556157
"834",201102,2011,2,4,0,3,0,3674972,510995,940468,1556157
"835",201103,2011,3,2,1,1,0,3674972,510995,940468,1556157
"836",201104,2011,4,2,1,1,0,3674972,510995,940468,1556157
"837",201105,2011,5,1,0,0,0,3674972,510995,940468,1556157
"838",201106,2011,6,2,1,1,0,3674972,510995,940468,1556157
"839",201107,2011,7,1,0,1,0,3674972,510995,940468,1556157
"840",201108,2011,8,4,0,2,2,3674972,510995,940468,1556157
"841",201109,2011,9,2,2,0,0,3674972,510995,940468,1556157
"842",201110,2011,10,4,1,2,0,3674972,510995,940468,1556157
"843",201111,2011,11,1,1,0,0,3674972,510995,940468,1556157
"844",201112,2011,12,1,0,1,0,3674972,510995,940468,1556157
"845",201113,2011,13,2,1,1,0,3674972,510995,940468,1556157
"846",201114,2011,14,0,0,0,0,3674972,510995,940468,1556157
"847",201115,2011,15,0,0,0,0,3674972,510995,940468,1556157
"848",201116,2011,16,1,0,0,1,3674972,510995,940468,1556157
"849",201117,2011,17,0,0,0,0,3674972,510995,940468,1556157
"850",201118,2011,18,5,1,0,1,3674972,510995,940468,1556157
"851",201119,2011,19,2,2,0,0,3674972,510995,940468,1556157
"852",201120,2011,20,0,0,0,0,3674972,510995,940468,1556157
"853",201121,2011,21,2,1,0,1,3674972,510995,940468,1556157
"854",201122,2011,22,1,1,0,0,3674972,510995,940468,1556157
"855",201123,2011,23,2,0,0,1,3674972,510995,940468,1556157
"856",201124,2011,24,1,0,0,1,3674972,510995,940468,1556157
"857",201125,2011,25,1,0,0,0,3674972,510995,940468,1556157
"858",201126,2011,26,3,0,2,0,3674972,510995,940468,1556157
"859",201127,2011,27,5,2,1,0,3674972,510995,940468,1556157
"860",201128,2011,28,1,0,1,1,3674972,510995,940468,1556157
"861",201129,2011,29,3,1,1,0,3674972,510995,940468,1556157
"862",201130,2011,30,2,1,1,0,3674972,510995,940468,1556157
"863",201131,2011,31,1,1,0,0,3674972,510995,940468,1556157
"864",201132,2011,32,5,1,4,0,3674972,510995,940468,1556157
"865",201133,2011,33,6,3,3,0,3674972,510995,940468,1556157
"866",201134,2011,34,7,1,3,3,3674972,510995,940468,1556157
"867",201135,2011,35,4,1,3,0,3674972,510995,940468,1556157
"868",201136,2011,36,6,3,3,0,3674972,510995,940468,1556157
"869",201137,2011,37,4,2,1,0,3674972,510995,940468,1556157
"870",201138,2011,38,2,2,0,0,3674972,510995,940468,1556157
"871",201139,2011,39,8,2,4,1,3674972,510995,940468,1556157
"872",201140,2011,40,4,0,3,2,3674972,510995,940468,1556157
"873",201141,2011,41,8,4,1,0,3674972,510995,940468,1556157
"874",201142,2011,42,2,0,2,0,3674972,510995,940468,1556157
"875",201143,2011,43,9,5,1,2,3674972,510995,940468,1556157
"876",201144,2011,44,7,2,4,0,3674972,510995,940468,1556157
"877",201145,2011,45,5,1,3,1,3674972,510995,940468,1556157
"878",201146,2011,46,3,0,1,1,3674972,510995,940468,1556157
"879",201147,2011,47,0,0,0,0,3674972,510995,940468,1556157
"880",201148,2011,48,3,1,0,2,3674972,510995,940468,1556157
"881",201149,2011,49,0,0,0,0,3674972,510995,940468,1556157
"882",201150,2011,50,3,0,1,1,3674972,510995,940468,1556157
"883",201151,2011,51,4,1,2,1,3674972,510995,940468,1556157
"884",201152,2011,52,1,0,0,1,3674972,510995,940468,1556157
"885",201201,2012,1,2,1,1,0,3737305,517779,956078,1587111
"886",201202,2012,2,2,0,2,0,3737305,517779,956078,1587111
"887",201203,2012,3,0,0,0,0,3737305,517779,956078,1587111
"888",201204,2012,4,0,0,0,0,3737305,517779,956078,1587111
"889",201205,2012,5,2,1,0,0,3737305,517779,956078,1587111
"890",201206,2012,6,2,2,0,0,3737305,517779,956078,1587111
"891",201207,2012,7,0,0,0,0,3737305,517779,956078,1587111
"892",201208,2012,8,2,0,2,0,3737305,517779,956078,1587111
"893",201209,2012,9,2,0,1,1,3737305,517779,956078,1587111
"894",201210,2012,10,0,0,0,0,3737305,517779,956078,1587111
"895",201211,2012,11,1,0,0,1,3737305,517779,956078,1587111
"896",201212,2012,12,1,1,0,0,3737305,517779,956078,1587111
"897",201213,2012,13,1,1,0,0,3737305,517779,956078,1587111
"898",201214,2012,14,2,1,0,1,3737305,517779,956078,1587111
"899",201215,2012,15,1,0,0,1,3737305,517779,956078,1587111
"900",201216,2012,16,4,2,0,1,3737305,517779,956078,1587111
"901",201217,2012,17,2,0,2,0,3737305,517779,956078,1587111
"902",201218,2012,18,1,0,0,1,3737305,517779,956078,1587111
"903",201219,2012,19,2,1,0,1,3737305,517779,956078,1587111
"904",201220,2012,20,1,0,0,0,3737305,517779,956078,1587111
"905",201221,2012,21,0,0,0,0,3737305,517779,956078,1587111
"906",201222,2012,22,2,1,1,0,3737305,517779,956078,1587111
"907",201223,2012,23,3,2,0,0,3737305,517779,956078,1587111
"908",201224,2012,24,1,0,0,1,3737305,517779,956078,1587111
"909",201225,2012,25,1,0,0,1,3737305,517779,956078,1587111
"910",201226,2012,26,3,0,2,0,3737305,517779,956078,1587111
"911",201227,2012,27,2,2,0,0,3737305,517779,956078,1587111
"912",201228,2012,28,5,2,3,1,3737305,517779,956078,1587111
"913",201229,2012,29,5,1,3,0,3737305,517779,956078,1587111
"914",201230,2012,30,7,3,4,0,3737305,517779,956078,1587111
"915",201231,2012,31,3,1,1,1,3737305,517779,956078,1587111
"916",201232,2012,32,2,0,0,2,3737305,517779,956078,1587111
"917",201233,2012,33,6,1,2,2,3737305,517779,956078,1587111
"918",201234,2012,34,3,0,1,1,3737305,517779,956078,1587111
"919",201235,2012,35,8,3,5,0,3737305,517779,956078,1587111
"920",201236,2012,36,7,1,3,1,3737305,517779,956078,1587111
"921",201237,2012,37,4,2,2,0,3737305,517779,956078,1587111
"922",201238,2012,38,7,2,3,1,3737305,517779,956078,1587111
"923",201239,2012,39,5,0,5,0,3737305,517779,956078,1587111
"924",201240,2012,40,4,2,1,1,3737305,517779,956078,1587111
"925",201241,2012,41,4,2,2,0,3737305,517779,956078,1587111
"926",201242,2012,42,6,2,2,1,3737305,517779,956078,1587111
"927",201243,2012,43,7,2,4,1,3737305,517779,956078,1587111
"928",201244,2012,44,8,3,5,0,3737305,517779,956078,1587111
"929",201245,2012,45,5,0,4,0,3737305,517779,956078,1587111
"930",201246,2012,46,8,1,5,2,3737305,517779,956078,1587111
"931",201247,2012,47,8,3,4,0,3737305,517779,956078,1587111
"932",201248,2012,48,2,0,1,1,3737305,517779,956078,1587111
"933",201249,2012,49,6,2,4,0,3737305,517779,956078,1587111
"934",201250,2012,50,6,2,1,2,3737305,517779,956078,1587111
"935",201251,2012,51,2,1,1,0,3737305,517779,956078,1587111
"936",201252,2012,52,0,0,0,0,3737305,517779,956078,1587111
"937",201301,2013,1,3,0,2,0,3797822,524213,974006,1612851
"938",201302,2013,2,6,2,2,1,3797822,524213,974006,1612851
"939",201303,2013,3,3,2,1,1,3797822,524213,974006,1612851
"940",201304,2013,4,5,2,3,0,3797822,524213,974006,1612851
"941",201305,2013,5,1,0,1,0,3797822,524213,974006,1612851
"942",201306,2013,6,3,2,1,0,3797822,524213,974006,1612851
"943",201307,2013,7,2,0,1,0,3797822,524213,974006,1612851
"944",201308,2013,8,1,1,0,1,3797822,524213,974006,1612851
"945",201309,2013,9,1,0,1,0,3797822,524213,974006,1612851
"946",201310,2013,10,1,0,0,0,3797822,524213,974006,1612851
"947",201311,2013,11,1,0,1,1,3797822,524213,974006,1612851
"948",201312,2013,12,1,1,0,0,3797822,524213,974006,1612851
"949",201313,2013,13,0,0,0,0,3797822,524213,974006,1612851
"950",201314,2013,14,2,0,1,0,3797822,524213,974006,1612851
"951",201315,2013,15,3,1,2,1,3797822,524213,974006,1612851
"952",201316,2013,16,0,0,0,0,3797822,524213,974006,1612851
"953",201317,2013,17,1,0,1,0,3797822,524213,974006,1612851
"954",201318,2013,18,0,0,0,0,3797822,524213,974006,1612851
"955",201319,2013,19,2,1,1,0,3797822,524213,974006,1612851
"956",201320,2013,20,1,1,0,0,3797822,524213,974006,1612851
"957",201321,2013,21,2,1,1,0,3797822,524213,974006,1612851
"958",201322,2013,22,5,2,2,1,3797822,524213,974006,1612851
"959",201323,2013,23,4,1,3,0,3797822,524213,974006,1612851
"960",201324,2013,24,4,1,1,1,3797822,524213,974006,1612851
"961",201325,2013,25,3,2,1,0,3797822,524213,974006,1612851
"962",201326,2013,26,2,2,0,0,3797822,524213,974006,1612851
"963",201327,2013,27,1,0,0,1,3797822,524213,974006,1612851
"964",201328,2013,28,2,1,1,0,3797822,524213,974006,1612851
"965",201329,2013,29,3,2,0,1,3797822,524213,974006,1612851
"966",201330,2013,30,4,2,0,1,3797822,524213,974006,1612851
"967",201331,2013,31,1,0,0,2,3797822,524213,974006,1612851
"968",201332,2013,32,4,1,2,0,3797822,524213,974006,1612851
"969",201333,2013,33,11,4,4,4,3797822,524213,974006,1612851
"970",201334,2013,34,7,3,1,1,3797822,524213,974006,1612851
"971",201335,2013,35,7,1,3,3,3797822,524213,974006,1612851
"972",201336,2013,36,7,4,2,1,3797822,524213,974006,1612851
"973",201337,2013,37,9,2,5,1,3797822,524213,974006,1612851
"974",201338,2013,38,9,3,5,1,3797822,524213,974006,1612851
"975",201339,2013,39,8,3,5,0,3797822,524213,974006,1612851
"976",201340,2013,40,11,5,5,1,3797822,524213,974006,1612851
"977",201341,2013,41,4,0,1,3,3797822,524213,974006,1612851
"978",201342,2013,42,10,2,6,1,3797822,524213,974006,1612851
"979",201343,2013,43,2,0,2,0,3797822,524213,974006,1612851
"980",201344,2013,44,6,2,2,1,3797822,524213,974006,1612851
"981",201345,2013,45,4,2,1,1,3797822,524213,974006,1612851
"982",201346,2013,46,7,3,4,0,3797822,524213,974006,1612851
"983",201347,2013,47,8,2,4,2,3797822,524213,974006,1612851
"984",201348,2013,48,4,0,3,0,3797822,524213,974006,1612851
"985",201349,2013,49,8,4,3,0,3797822,524213,974006,1612851
"986",201350,2013,50,2,0,1,1,3797822,524213,974006,1612851
"987",201351,2013,51,4,0,3,1,3797822,524213,974006,1612851
"988",201352,2013,52,3,1,2,0,3797822,524213,974006,1612851
"989",201401,2014,1,2,1,1,0,3852406,529845,989717,1637586
"990",201402,2014,2,3,2,1,0,3852406,529845,989717,1637586
"991",201403,2014,3,4,1,3,0,3852406,529845,989717,1637586
"992",201404,2014,4,3,1,2,0,3852406,529845,989717,1637586
"993",201405,2014,5,2,1,1,0,3852406,529845,989717,1637586
"994",201406,2014,6,1,1,0,0,3852406,529845,989717,1637586
"995",201407,2014,7,4,0,3,0,3852406,529845,989717,1637586
"996",201408,2014,8,2,1,1,1,3852406,529845,989717,1637586
"997",201409,2014,9,1,0,1,0,3852406,529845,989717,1637586
"998",201410,2014,10,8,1,4,1,3852406,529845,989717,1637586
"999",201411,2014,11,1,0,1,2,3852406,529845,989717,1637586
"1000",201412,2014,12,2,0,1,1,3852406,529845,989717,1637586
"1001",201413,2014,13,3,1,1,0,3852406,529845,989717,1637586
"1002",201414,2014,14,3,1,2,1,3852406,529845,989717,1637586
"1003",201415,2014,15,4,1,1,1,3852406,529845,989717,1637586
"1004",201416,2014,16,1,1,0,0,3852406,529845,989717,1637586
"1005",201417,2014,17,2,1,0,0,3852406,529845,989717,1637586
"1006",201418,2014,18,3,1,1,0,3852406,529845,989717,1637586
"1007",201419,2014,19,2,1,0,0,3852406,529845,989717,1637586
"1008",201420,2014,20,4,1,0,3,3852406,529845,989717,1637586
"1009",201421,2014,21,3,0,2,1,3852406,529845,989717,1637586
"1010",201422,2014,22,2,1,1,1,3852406,529845,989717,1637586
"1011",201423,2014,23,6,1,3,2,3852406,529845,989717,1637586
"1012",201424,2014,24,2,0,2,0,3852406,529845,989717,1637586
"1013",201425,2014,25,6,1,3,1,3852406,529845,989717,1637586
"1014",201426,2014,26,3,1,0,2,3852406,529845,989717,1637586
"1015",201427,2014,27,6,2,3,1,3852406,529845,989717,1637586
"1016",201428,2014,28,4,0,4,0,3852406,529845,989717,1637586
"1017",201429,2014,29,5,4,1,0,3852406,529845,989717,1637586
"1018",201430,2014,30,9,3,6,0,3852406,529845,989717,1637586
"1019",201431,2014,31,5,2,3,0,3852406,529845,989717,1637586
"1020",201432,2014,32,6,2,3,0,3852406,529845,989717,1637586
"1021",201433,2014,33,3,0,2,1,3852406,529845,989717,1637586
"1022",201434,2014,34,6,2,4,0,3852406,529845,989717,1637586
"1023",201435,2014,35,6,0,5,1,3852406,529845,989717,1637586
"1024",201436,2014,36,10,5,3,1,3852406,529845,989717,1637586
"1025",201437,2014,37,6,1,4,2,3852406,529845,989717,1637586
"1026",201438,2014,38,13,6,5,2,3852406,529845,989717,1637586
"1027",201439,2014,39,2,0,1,1,3852406,529845,989717,1637586
"1028",201440,2014,40,6,2,4,0,3852406,529845,989717,1637586
"1029",201441,2014,41,10,5,4,0,3852406,529845,989717,1637586
"1030",201442,2014,42,7,2,5,1,3852406,529845,989717,1637586
"1031",201443,2014,43,4,1,1,2,3852406,529845,989717,1637586
"1032",201444,2014,44,5,1,1,1,3852406,529845,989717,1637586
"1033",201445,2014,45,6,2,2,3,3852406,529845,989717,1637586
"1034",201446,2014,46,3,2,1,0,3852406,529845,989717,1637586
"1035",201447,2014,47,3,1,2,0,3852406,529845,989717,1637586
"1036",201448,2014,48,5,0,4,1,3852406,529845,989717,1637586
"1037",201449,2014,49,6,3,1,1,3852406,529845,989717,1637586
"1038",201450,2014,50,3,1,0,1,3852406,529845,989717,1637586
"1039",201451,2014,51,4,2,1,2,3852406,529845,989717,1637586
"1040",201452,2014,52,2,1,1,0,3852406,529845,989717,1637586
"1041",201501,2015,1,3,2,0,0,3906903,535961,1004378,1662839
"1042",201502,2015,2,3,1,2,1,3906903,535961,1004378,1662839
"1043",201503,2015,3,0,0,0,0,3906903,535961,1004378,1662839
"1044",201504,2015,4,2,0,1,1,3906903,535961,1004378,1662839
"1045",201505,2015,5,0,0,0,0,3906903,535961,1004378,1662839
"1046",201506,2015,6,4,1,1,0,3906903,535961,1004378,1662839
"1047",201507,2015,7,1,1,0,2,3906903,535961,1004378,1662839
"1048",201508,2015,8,2,1,0,1,3906903,535961,1004378,1662839
"1049",201509,2015,9,2,1,0,1,3906903,535961,1004378,1662839
"1050",201510,2015,10,6,1,4,0,3906903,535961,1004378,1662839
"1051",201511,2015,11,2,0,2,1,3906903,535961,1004378,1662839
"1052",201512,2015,12,1,1,0,0,3906903,535961,1004378,1662839
"1053",201513,2015,13,5,2,1,1,3906903,535961,1004378,1662839
"1054",201514,2015,14,2,1,1,1,3906903,535961,1004378,1662839
"1055",201515,2015,15,1,0,0,0,3906903,535961,1004378,1662839
"1056",201516,2015,16,3,2,0,1,3906903,535961,1004378,1662839
"1057",201517,2015,17,3,0,1,2,3906903,535961,1004378,1662839
"1058",201518,2015,18,0,0,0,1,3906903,535961,1004378,1662839
"1059",201519,2015,19,3,0,3,0,3906903,535961,1004378,1662839
"1060",201520,2015,20,0,0,0,0,3906903,535961,1004378,1662839
"1061",201521,2015,21,2,1,1,0,3906903,535961,1004378,1662839
"1062",201522,2015,22,0,0,0,0,3906903,535961,1004378,1662839
"1063",201523,2015,23,2,1,1,0,3906903,535961,1004378,1662839
"1064",201524,2015,24,0,0,0,0,3906903,535961,1004378,1662839
"1065",201525,2015,25,4,3,1,0,3906903,535961,1004378,1662839
"1066",201526,2015,26,2,0,2,0,3906903,535961,1004378,1662839
"1067",201527,2015,27,4,2,1,1,3906903,535961,1004378,1662839
"1068",201528,2015,28,2,0,1,0,3906903,535961,1004378,1662839
"1069",201529,2015,29,3,2,1,1,3906903,535961,1004378,1662839
"1070",201530,2015,30,6,4,1,1,3906903,535961,1004378,1662839
"1071",201531,2015,31,2,1,1,0,3906903,535961,1004378,1662839
"1072",201532,2015,32,6,0,3,1,3906903,535961,1004378,1662839
"1073",201533,2015,33,10,3,5,1,3906903,535961,1004378,1662839
"1074",201534,2015,34,10,1,7,1,3906903,535961,1004378,1662839
"1075",201535,2015,35,7,1,4,2,3906903,535961,1004378,1662839
"1076",201536,2015,36,14,6,8,1,3906903,535961,1004378,1662839
"1077",201537,2015,37,7,2,4,0,3906903,535961,1004378,1662839
"1078",201538,2015,38,11,3,4,3,3906903,535961,1004378,1662839
"1079",201539,2015,39,8,1,7,1,3906903,535961,1004378,1662839
"1080",201540,2015,40,10,3,7,0,3906903,535961,1004378,1662839
"1081",201541,2015,41,13,3,9,0,3906903,535961,1004378,1662839
"1082",201542,2015,42,7,2,5,1,3906903,535961,1004378,1662839
"1083",201543,2015,43,6,2,3,1,3906903,535961,1004378,1662839
"1084",201544,2015,44,7,2,5,0,3906903,535961,1004378,1662839
"1085",201545,2015,45,6,1,3,2,3906903,535961,1004378,1662839
"1086",201546,2015,46,7,3,3,0,3906903,535961,1004378,1662839
"1087",201547,2015,47,12,2,8,1,3906903,535961,1004378,1662839
"1088",201548,2015,48,5,0,5,1,3906903,535961,1004378,1662839
"1089",201549,2015,49,11,1,5,1,3906903,535961,1004378,1662839
"1090",201550,2015,50,7,2,4,5,3906903,535961,1004378,1662839
"1091",201551,2015,51,4,0,3,0,3906903,535961,1004378,1662839
"1092",201552,2015,52,1,0,1,0,3906903,535961,1004378,1662839
"1093",201601,2016,1,2,1,1,0,3953206,542006,1014914,1686134
"1094",201602,2016,2,7,1,4,1,3953206,542006,1014914,1686134
"1095",201603,2016,3,3,0,2,1,3953206,542006,1014914,1686134
"1096",201604,2016,4,6,1,3,0,3953206,542006,1014914,1686134
"1097",201605,2016,5,5,1,2,2,3953206,542006,1014914,1686134
"1098",201606,2016,6,6,2,4,0,3953206,542006,1014914,1686134
"1099",201607,2016,7,2,0,0,2,3953206,542006,1014914,1686134
"1100",201608,2016,8,2,0,1,1,3953206,542006,1014914,1686134
"1101",201609,2016,9,1,1,0,0,3953206,542006,1014914,1686134
"1102",201610,2016,10,3,1,1,0,3953206,542006,1014914,1686134
"1103",201611,2016,11,2,0,0,0,3953206,542006,1014914,1686134
"1104",201612,2016,12,2,0,2,1,3953206,542006,1014914,1686134
"1105",201613,2016,13,3,1,0,1,3953206,542006,1014914,1686134
"1106",201614,2016,14,2,1,0,1,3953206,542006,1014914,1686134
"1107",201615,2016,15,1,1,0,0,3953206,542006,1014914,1686134
"1108",201616,2016,16,3,0,3,0,3953206,542006,1014914,1686134
"1109",201617,2016,17,3,0,2,0,3953206,542006,1014914,1686134
"1110",201618,2016,18,1,1,0,0,3953206,542006,1014914,1686134
"1111",201619,2016,19,2,1,1,0,3953206,542006,1014914,1686134
"1112",201620,2016,20,3,1,1,1,3953206,542006,1014914,1686134
"1113",201621,2016,21,3,0,2,1,3953206,542006,1014914,1686134
"1114",201622,2016,22,4,0,2,2,3953206,542006,1014914,1686134
"1115",201623,2016,23,5,2,3,1,3953206,542006,1014914,1686134
"1116",201624,2016,24,7,1,2,2,3953206,542006,1014914,1686134
"1117",201625,2016,25,8,4,2,2,3953206,542006,1014914,1686134
"1118",201626,2016,26,4,1,2,3,3953206,542006,1014914,1686134
"1119",201627,2016,27,6,0,1,1,3953206,542006,1014914,1686134
"1120",201628,2016,28,3,0,1,3,3953206,542006,1014914,1686134
"1121",201629,2016,29,11,3,6,1,3953206,542006,1014914,1686134
"1122",201630,2016,30,2,0,1,1,3953206,542006,1014914,1686134
"1123",201631,2016,31,4,2,1,1,3953206,542006,1014914,1686134
"1124",201632,2016,32,8,2,4,1,3953206,542006,1014914,1686134
"1125",201633,2016,33,12,3,4,4,3953206,542006,1014914,1686134
"1126",201634,2016,34,6,1,4,2,3953206,542006,1014914,1686134
"1127",201635,2016,35,12,5,6,1,3953206,542006,1014914,1686134
"1128",201636,2016,36,11,4,3,5,3953206,542006,1014914,1686134
"1129",201637,2016,37,11,1,6,0,3953206,542006,1014914,1686134
"1130",201638,2016,38,7,2,2,2,3953206,542006,1014914,1686134
"1131",201639,2016,39,8,2,2,2,3953206,542006,1014914,1686134
"1132",201640,2016,40,8,3,4,1,3953206,542006,1014914,1686134
"1133",201641,2016,41,3,0,2,1,3953206,542006,1014914,1686134
"1134",201642,2016,42,6,1,3,2,3953206,542006,1014914,1686134
"1135",201643,2016,43,2,0,0,1,3953206,542006,1014914,1686134
"1136",201644,2016,44,10,2,5,1,3953206,542006,1014914,1686134
"1137",201645,2016,45,6,2,2,1,3953206,542006,1014914,1686134
"1138",201646,2016,46,10,2,6,2,3953206,542006,1014914,1686134
"1139",201647,2016,47,8,3,5,0,3953206,542006,1014914,1686134
"1140",201648,2016,48,7,2,5,0,3953206,542006,1014914,1686134
"1141",201649,2016,49,5,4,1,0,3953206,542006,1014914,1686134
"1142",201650,2016,50,6,1,3,2,3953206,542006,1014914,1686134
"1143",201651,2016,51,4,3,1,0,3953206,542006,1014914,1686134
"1144",201652,2016,52,1,0,0,1,3953206,542006,1014914,1686134
"1145",201701,2017,1,5,0,2,3,3995587,547116,1022378,1707992
"1146",201702,2017,2,5,4,1,0,3995587,547116,1022378,1707992
"1147",201703,2017,3,1,1,0,0,3995587,547116,1022378,1707992
"1148",201704,2017,4,2,1,1,0,3995587,547116,1022378,1707992
"1149",201705,2017,5,2,0,0,1,3995587,547116,1022378,1707992
"1150",201706,2017,6,6,2,3,1,3995587,547116,1022378,1707992
"1151",201707,2017,7,2,1,1,0,3995587,547116,1022378,1707992
"1152",201708,2017,8,8,2,3,3,3995587,547116,1022378,1707992
"1153",201709,2017,9,2,1,1,0,3995587,547116,1022378,1707992
"1154",201710,2017,10,5,0,1,3,3995587,547116,1022378,1707992
"1155",201711,2017,11,1,0,0,1,3995587,547116,1022378,1707992
"1156",201712,2017,12,5,4,1,0,3995587,547116,1022378,1707992
"1157",201713,2017,13,3,0,2,1,3995587,547116,1022378,1707992
"1158",201714,2017,14,4,3,1,0,3995587,547116,1022378,1707992
"1159",201715,2017,15,1,0,1,0,3995587,547116,1022378,1707992
"1160",201716,2017,16,1,1,0,0,3995587,547116,1022378,1707992
"1161",201717,2017,17,4,1,0,0,3995587,547116,1022378,1707992
"1162",201718,2017,18,2,1,1,0,3995587,547116,1022378,1707992
"1163",201719,2017,19,6,1,3,2,3995587,547116,1022378,1707992
"1164",201720,2017,20,1,0,1,0,3995587,547116,1022378,1707992
"1165",201721,2017,21,2,1,1,0,3995587,547116,1022378,1707992
"1166",201722,2017,22,6,1,1,4,3995587,547116,1022378,1707992
"1167",201723,2017,23,1,0,1,0,3995587,547116,1022378,1707992
"1168",201724,2017,24,4,2,1,1,3995587,547116,1022378,1707992
"1169",201725,2017,25,6,4,1,1,3995587,547116,1022378,1707992
"1170",201726,2017,26,3,1,0,2,3995587,547116,1022378,1707992
"1171",201727,2017,27,6,2,1,1,3995587,547116,1022378,1707992
"1172",201728,2017,28,6,0,2,3,3995587,547116,1022378,1707992
"1173",201729,2017,29,6,2,2,1,3995587,547116,1022378,1707992
"1174",201730,2017,30,8,2,5,1,3995587,547116,1022378,1707992
"1175",201731,2017,31,8,3,2,3,3995587,547116,1022378,1707992
"1176",201732,2017,32,7,2,3,2,3995587,547116,1022378,1707992
"1177",201733,2017,33,12,4,5,3,3995587,547116,1022378,1707992
"1178",201734,2017,34,17,3,10,2,3995587,547116,1022378,1707992
"1179",201735,2017,35,12,4,3,4,3995587,547116,1022378,1707992
"1180",201736,2017,36,10,1,4,4,3995587,547116,1022378,1707992
"1181",201737,2017,37,14,1,5,7,3995587,547116,1022378,1707992
"1182",201738,2017,38,6,2,2,2,3995587,547116,1022378,1707992
"1183",201739,2017,39,12,5,5,2,3995587,547116,1022378,1707992
"1184",201740,2017,40,7,1,3,3,3995587,547116,1022378,1707992
"1185",201741,2017,41,10,1,5,1,3995587,547116,1022378,1707992
"1186",201742,2017,42,4,2,1,1,3995587,547116,1022378,1707992
"1187",201743,2017,43,7,3,2,1,3995587,547116,1022378,1707992
"1188",201744,2017,44,7,3,3,1,3995587,547116,1022378,1707992
"1189",201745,2017,45,7,2,0,2,3995587,547116,1022378,1707992
"1190",201746,2017,46,4,0,2,0,3995587,547116,1022378,1707992
"1191",201747,2017,47,3,1,2,0,3995587,547116,1022378,1707992
"1192",201748,2017,48,8,4,0,3,3995587,547116,1022378,1707992
"1193",201749,2017,49,11,3,7,1,3995587,547116,1022378,1707992
"1194",201750,2017,50,4,0,4,0,3995587,547116,1022378,1707992
"1195",201751,2017,51,6,0,4,2,3995587,547116,1022378,1707992
"1196",201752,2017,52,5,2,1,1,3995587,547116,1022378,1707992
"1197",201801,2018,1,2,1,1,0,4034726,552825,1029901,1728750
"1198",201802,2018,2,3,0,2,1,4034726,552825,1029901,1728750
"1199",201803,2018,3,4,2,1,1,4034726,552825,1029901,1728750
"1200",201804,2018,4,3,2,1,0,4034726,552825,1029901,1728750
"1201",201805,2018,5,1,1,0,0,4034726,552825,1029901,1728750
"1202",201806,2018,6,3,1,1,1,4034726,552825,1029901,1728750
"1203",201807,2018,7,4,1,1,2,4034726,552825,1029901,1728750
"1204",201808,2018,8,2,1,1,0,4034726,552825,1029901,1728750
"1205",201809,2018,9,2,1,1,0,4034726,552825,1029901,1728750
"1206",201810,2018,10,3,0,2,1,4034726,552825,1029901,1728750
"1207",201811,2018,11,1,0,0,1,4034726,552825,1029901,1728750
"1208",201812,2018,12,3,2,1,0,4034726,552825,1029901,1728750
"1209",201813,2018,13,0,0,0,0,4034726,552825,1029901,1728750
"1210",201814,2018,14,1,0,1,0,4034726,552825,1029901,1728750
"1211",201815,2018,15,5,3,1,1,4034726,552825,1029901,1728750
"1212",201816,2018,16,4,0,0,3,4034726,552825,1029901,1728750
"1213",201817,2018,17,5,3,2,0,4034726,552825,1029901,1728750
"1214",201818,2018,18,4,1,3,0,4034726,552825,1029901,1728750
"1215",201819,2018,19,3,0,3,0,4034726,552825,1029901,1728750
"1216",201820,2018,20,3,1,1,0,4034726,552825,1029901,1728750
"1217",201821,2018,21,1,1,0,0,4034726,552825,1029901,1728750
"1218",201822,2018,22,1,0,1,0,4034726,552825,1029901,1728750
"1219",201823,2018,23,2,0,1,1,4034726,552825,1029901,1728750
"1220",201824,2018,24,3,2,1,0,4034726,552825,1029901,1728750
"1221",201825,2018,25,6,2,3,1,4034726,552825,1029901,1728750
"1222",201826,2018,26,9,3,4,1,4034726,552825,1029901,1728750
"1223",201827,2018,27,3,1,2,0,4034726,552825,1029901,1728750
"1224",201828,2018,28,6,3,2,0,4034726,552825,1029901,1728750
"1225",201829,2018,29,7,0,5,2,4034726,552825,1029901,1728750
"1226",201830,2018,30,5,3,1,1,4034726,552825,1029901,1728750
"1227",201831,2018,31,9,2,7,0,4034726,552825,1029901,1728750
"1228",201832,2018,32,12,6,6,0,4034726,552825,1029901,1728750
"1229",201833,2018,33,12,4,4,3,4034726,552825,1029901,1728750
"1230",201834,2018,34,10,4,4,1,4034726,552825,1029901,1728750
"1231",201835,2018,35,14,8,5,1,4034726,552825,1029901,1728750
"1232",201836,2018,36,4,2,2,0,4034726,552825,1029901,1728750
"1233",201837,2018,37,10,4,2,3,4034726,552825,1029901,1728750
"1234",201838,2018,38,10,1,5,2,4034726,552825,1029901,1728750
"1235",201839,2018,39,10,4,3,2,4034726,552825,1029901,1728750
"1236",201840,2018,40,9,4,3,2,4034726,552825,1029901,1728750
"1237",201841,2018,41,14,4,7,2,4034726,552825,1029901,1728750
"1238",201842,2018,42,7,3,2,2,4034726,552825,1029901,1728750
"1239",201843,2018,43,11,5,6,0,4034726,552825,1029901,1728750
"1240",201844,2018,44,7,4,0,2,4034726,552825,1029901,1728750
"1241",201845,2018,45,8,4,3,0,4034726,552825,1029901,1728750
"1242",201846,2018,46,6,3,2,1,4034726,552825,1029901,1728750
"1243",201847,2018,47,4,1,2,1,4034726,552825,1029901,1728750
"1244",201848,2018,48,7,2,4,0,4034726,552825,1029901,1728750
"1245",201849,2018,49,9,3,5,1,4034726,552825,1029901,1728750
"1246",201850,2018,50,2,1,1,0,4034726,552825,1029901,1728750
"1247",201851,2018,51,3,1,0,2,4034726,552825,1029901,1728750
"1248",201852,2018,52,0,0,0,0,4034726,552825,1029901,1728750
"1249",201901,2019,1,7,1,3,3,4072755,557207,1034926,1749827
"1250",201902,2019,2,4,1,1,1,4072755,557207,1034926,1749827
"1251",201903,2019,3,3,0,1,2,4072755,557207,1034926,1749827
"1252",201904,2019,4,1,0,0,1,4072755,557207,1034926,1749827
"1253",201905,2019,5,2,2,0,0,4072755,557207,1034926,1749827
"1254",201906,2019,6,2,0,0,1,4072755,557207,1034926,1749827
"1255",201907,2019,7,4,0,1,2,4072755,557207,1034926,1749827
"1256",201908,2019,8,3,0,1,1,4072755,557207,1034926,1749827
"1257",201909,2019,9,2,0,0,3,4072755,557207,1034926,1749827
"1258",201910,2019,10,1,1,0,0,4072755,557207,1034926,1749827
"1259",201911,2019,11,5,2,2,1,4072755,557207,1034926,1749827
"1260",201912,2019,12,3,2,1,0,4072755,557207,1034926,1749827
"1261",201913,2019,13,3,2,0,1,4072755,557207,1034926,1749827
"1262",201914,2019,14,0,0,0,0,4072755,557207,1034926,1749827
"1263",201915,2019,15,3,1,1,1,4072755,557207,1034926,1749827
"1264",201916,2019,16,0,0,0,0,4072755,557207,1034926,1749827
"1265",201917,2019,17,2,0,1,1,4072755,557207,1034926,1749827
"1266",201918,2019,18,1,0,0,1,4072755,557207,1034926,1749827
"1267",201919,2019,19,1,1,0,0,4072755,557207,1034926,1749827
"1268",201920,2019,20,1,0,1,0,4072755,557207,1034926,1749827
"1269",201921,2019,21,3,2,0,0,4072755,557207,1034926,1749827
"1270",201922,2019,22,1,1,0,1,4072755,557207,1034926,1749827
"1271",201923,2019,23,4,3,1,0,4072755,557207,1034926,1749827
"1272",201924,2019,24,8,6,1,1,4072755,557207,1034926,1749827
"1273",201925,2019,25,1,0,1,0,4072755,557207,1034926,1749827
"1274",201926,2019,26,6,1,4,1,4072755,557207,1034926,1749827
"1275",201927,2019,27,7,0,3,3,4072755,557207,1034926,1749827
"1276",201928,2019,28,7,2,3,3,4072755,557207,1034926,1749827
"1277",201929,2019,29,10,4,2,4,4072755,557207,1034926,1749827
"1278",201930,2019,30,9,2,3,2,4072755,557207,1034926,1749827
"1279",201931,2019,31,13,4,6,2,4072755,557207,1034926,1749827
"1280",201932,2019,32,9,3,3,2,4072755,557207,1034926,1749827
"1281",201933,2019,33,7,3,2,4,4072755,557207,1034926,1749827
"1282",201934,2019,34,8,1,2,2,4072755,557207,1034926,1749827
"1283",201935,2019,35,18,3,5,8,4072755,557207,1034926,1749827
"1284",201936,2019,36,5,0,4,2,4072755,557207,1034926,1749827
"1285",201937,2019,37,10,0,7,2,4072755,557207,1034926,1749827
"1286",201938,2019,38,10,4,4,2,4072755,557207,1034926,1749827
"1287",201939,2019,39,19,6,9,3,4072755,557207,1034926,1749827
"1288",201940,2019,40,12,4,5,3,4072755,557207,1034926,1749827
"1289",201941,2019,41,15,1,9,4,4072755,557207,1034926,1749827
"1290",201942,2019,42,15,2,8,3,4072755,557207,1034926,1749827
"1291",201943,2019,43,13,3,6,5,4072755,557207,1034926,1749827
"1292",201944,2019,44,18,4,6,7,4072755,557207,1034926,1749827
"1293",201945,2019,45,5,1,2,1,4072755,557207,1034926,1749827
"1294",201946,2019,46,13,1,8,3,4072755,557207,1034926,1749827
"1295",201947,2019,47,11,2,7,0,4072755,557207,1034926,1749827
"1296",201948,2019,48,7,3,1,3,4072755,557207,1034926,1749827
"1297",201949,2019,49,11,4,5,2,4072755,557207,1034926,1749827
"1298",201950,2019,50,9,4,3,2,4072755,557207,1034926,1749827
"1299",201951,2019,51,6,2,2,2,4072755,557207,1034926,1749827
"1300",201952,2019,52,0,0,0,0,4072755,557207,1034926,1749827
